0.00,8.00,2.10,1.67,1.50,1.80,0.71,0.21,-0.31,-0.79,-1.64,-2.22,-1.90,-3.14,-6.25,0.00,0.18,-2.17,-0.38,0.13,0.58,-0.03,-0.69,-0.13,0.46,1.86,-0.35,0.00,0.00,0.00,-1.13,0.29,-0.00,-0.12,-0.12,0.82,-0.89,0.08,1.11,-0.30,0.08,-0.03,-1.11,-0.08,1.00,-0.86,0.00,-1.76,-4.67,-0.55,0.33,-0.33,0.58,3.00,-3.83,-1.10,-0.25,0.29,1.44,0.00,-0.92,0.20,-0.00,0.85,-1.62,-0.14,0.33,YM-SU3
0.00,7.67,3.67,2.11,1.42,1.17,0.79,0.20,-0.33,-0.80,-1.15,-1.64,-2.71,-3.50,-10.50,-22.00,0.16,-1.50,-0.31,0.15,0.67,-0.03,-0.67,-0.14,0.38,1.71,-0.32,0.00,0.00,0.00,-1.00,0.25,0.12,-0.25,-0.29,0.80,-0.67,0.09,0.89,-0.33,0.08,-0.03,-1.00,-0.00,0.62,-0.86,-0.08,-1.28,-0.27,-0.27,0.29,-0.25,0.18,0.18,-1.40,-0.80,-0.11,0.12,0.55,2.00,0.11,0.14,-0.12,-0.22,-0.59,-0.25,0.12,YM-SU2
0.00,6.25,2.75,2.10,1.82,1.31,0.53,0.20,-0.43,-0.80,-1.73,-2.50,-2.22,-3.14,-11.50,0.00,0.16,-2.60,-0.38,0.07,0.58,-0.03,-0.67,-0.07,0.46,2.00,-0.34,0.00,13.00,0.00,-1.07,0.25,0.12,-0.14,-0.25,0.82,-0.75,-0.00,1.00,-0.20,0.00,-0.05,-1.00,-0.00,0.88,-0.71,0.00,-1.74,-2.60,-0.60,0.29,-0.17,0.55,2.60,-4.40,-1.00,-0.25,0.25,1.11,23.00,-0.77,0.17,-0.00,0.83,-1.50,-0.25,0.33,YM-SU1
0.00,6.33,4.75,2.57,1.70,1.08,0.67,0.29,-0.11,-0.62,-0.93,-1.45,-2.38,-4.00,-6.67,-11.00,0.11,-0.67,-0.18,0.17,0.31,-0.00,-0.42,-0.07,0.15,0.64,-0.17,0.00,0.00,0.00,-0.81,0.25,0.25,-0.22,-0.25,0.81,-0.44,-0.00,0.56,-0.11,0.00,-0.00,-0.56,-0.00,0.50,-0.25,0.10,-1.28,-0.20,-0.20,0.25,-0.33,0.27,0.27,-0.67,-0.50,0.00,0.14,0.50,1.33,0.12,0.12,-0.17,-0.06,-0.17,0.00,0.14,YM-SA3
21.00,6.67,4.20,2.57,1.33,0.86,0.71,0.11,-0.12,-0.60,-0.92,-1.45,-2.38,-3.80,-7.00,-7.00,0.12,-1.38,-0.31,0.07,0.36,-0.03,-0.33,-0.13,0.27,1.33,-0.15,0.00,0.00,0.00,-0.76,0.22,0.25,-0.22,-0.25,0.78,-0.44,-0.00,0.56,0.00,0.00,-0.00,-0.40,-0.00,0.56,-0.11,0.11,-1.29,-0.40,-0.30,0.29,-0.25,0.27,0.56,-0.89,-0.40,-0.11,0.12,0.44,1.33,-0.00,0.14,-0.12,-0.00,0.00,-0.12,0.14,YM-SA2
0.00,6.67,4.00,2.57,1.45,1.08,0.67,0.25,-0.18,-0.67,-0.93,-1.60,-2.12,-4.75,-5.00,-10.00,0.14,-0.70,-0.08,0.15,0.33,0.07,-0.42,-0.08,-0.00,0.55,-0.23,-14.00,0.00,0.00,-0.81,0.12,0.25,-0.25,-0.25,0.82,-0.38,-0.00,0.56,0.00,0.00,-0.00,-0.50,-0.00,0.44,-0.22,0.10,-1.43,-0.75,-0.44,0.29,-0.33,0.40,0.56,-1.25,-0.30,-0.17,0.14,0.44,1.60,-0.08,-0.00,-0.17,0.07,0.00,-0.17,0.14,YM-SA1
20.00,5.00,4.00,2.25,1.45,0.86,0.73,0.19,-0.25,-0.73,-0.93,-1.70,-3.00,-4.00,-6.67,-22.00,0.11,-1.25,-0.23,0.07,0.50,-0.03,-0.50,-0.13,0.38,1.11,-0.27,0.00,0.00,14.00,-0.80,0.29,0.12,-0.12,-0.38,0.78,-0.56,-0.00,0.78,-0.20,0.00,-0.03,-0.88,-0.00,0.56,-0.50,0.00,-1.37,-0.50,-0.33,0.33,-0.33,0.30,0.50,-0.90,-0.44,-0.17,0.14,0.44,1.80,-0.00,0.17,-0.17,-0.00,-0.07,0.00,0.00,YM-NE3
20.00,6.67,4.00,2.43,1.45,0.92,0.73,0.19,-0.20,-0.69,-0.92,-1.60,-3.00,-4.00,-5.00,0.00,0.11,-1.38,-0.23,0.08,0.58,-0.00,-0.58,-0.08,0.31,1.11,-0.25,0.00,0.00,0.00,-0.79,0.29,0.25,-0.25,-0.29,0.84,-0.50,0.10,0.75,-0.22,0.00,-0.03,-0.67,-0.10,0.62,-0.50,0.00,-1.36,-0.33,-0.38,0.29,-0.40,0.30,0.40,-0.80,-0.50,-0.14,0.14,0.43,1.50,0.07,-0.00,-0.17,-0.00,-0.07,0.00,0.00,YM-NE2
22.00,5.25,4.20,2.11,1.42,0.93,0.62,0.19,-0.25,-0.80,-1.00,-1.70,-3.17,-4.00,-7.33,-21.00,0.11,-1.22,-0.29,0.13,0.58,-0.03,-0.58,-0.07,0.29,1.38,-0.28,0.00,15.00,0.00,-0.75,0.12,0.22,-0.25,-0.25,0.79,-0.44,-0.00,0.78,-0.20,0.00,-0.03,-0.89,-0.00,0.56,-0.44,0.00,-1.40,-0.44,-0.44,0.29,-0.33,0.30,0.45,-0.90,-0.56,-0.14,0.00,0.56,1.50,-0.00,-0.00,-0.00,-0.07,-0.07,-0.14,0.00,YM-NE1
0.00,9.50,4.75,1.89,1.25,0.93,0.80,0.18,-0.25,-0.86,-1.00,-1.45,-2.25,-5.00,-20.00,0.00,0.06,-1.57,-0.38,0.07,0.50,-0.00,-0.50,-0.14,0.21,1.00,-0.23,16.00,15.00,0.00,-0.41,0.22,0.22,-0.22,-0.38,0.74,-0.50,-0.00,0.67,0.00,0.11,-0.00,-0.67,-0.11,0.50,-0.25,0.00,-1.16,-0.09,-0.00,0.12,-0.25,-0.08,0.08,-1.45,-0.73,-0.11,0.11,0.64,1.75,0.11,0.12,-0.11,-0.19,-0.70,-0.11,0.12,YM-HA3
-20.00,19.00,4.00,2.25,1.23,1.00,0.87,0.19,-0.20,-0.81,-0.93,-1.33,-1.89,-3.60,-6.33,0.00,0.14,-1.43,-0.31,0.07,0.50,-0.03,-0.50,-0.00,0.46,1.57,-0.18,0.00,0.00,0.00,-0.39,0.22,0.33,-0.30,-0.22,0.77,-0.33,-0.00,0.56,0.00,0.00,-0.00,-0.44,-0.00,0.38,-0.12,0.00,-1.06,-0.00,-0.09,0.22,-0.22,-0.00,-0.00,-1.45,-0.75,-0.20,0.22,0.67,2.00,0.22,-0.00,-0.11,-0.23,-0.62,-0.11,0.11,YM-HA2
21.00,9.50,3.80,2.12,1.25,0.93,0.73,0.19,-0.31,-0.79,-1.08,-1.60,-2.43,-4.75,-10.00,0.00,0.08,-0.75,-0.17,0.08,0.36,-0.03,-0.45,-0.15,0.08,0.55,-0.29,0.00,14.00,14.00,-0.56,0.25,0.25,-0.22,-0.38,0.77,-0.50,0.10,0.62,-0.11,0.00,-0.03,-0.67,-0.00,0.38,-0.38,0.00,-1.27,-0.09,-0.10,0.14,-0.33,0.09,-0.00,-1.09,-0.60,-0.14,0.00,0.50,1.43,0.18,-0.00,-0.14,-0.22,-0.28,-0.14,0.14,YM-HA1
0.00,9.50,4.75,2.71,1.60,1.00,0.60,0.16,-0.16,-0.62,-0.93,-1.70,-3.17,-4.75,-6.33,0.00,0.13,-1.83,-0.31,0.08,0.38,-0.00,-0.38,-0.00,0.23,1.11,-0.21,-13.00,0.00,0.00,-0.88,0.25,0.25,-0.11,-0.29,0.81,-0.75,-0.00,0.89,-0.22,0.00,-0.03,-1.00,-0.00,0.78,-0.50,0.00,-1.32,-0.75,-0.40,0.25,-0.25,0.36,0.55,-1.00,-0.30,-0.11,0.12,0.40,2.00,-0.07,-0.00,-0.00,0.12,-0.12,-0.12,0.12,YM-FE4
0.00,6.33,4.75,3.17,1.70,1.08,0.62,0.18,-0.11,-0.67,-1.00,-1.60,-2.57,-3.80,-5.25,-21.00,0.14,-2.17,-0.38,0.08,0.42,-0.00,-0.36,-0.00,0.46,1.62,-0.16,0.00,0.00,0.00,-0.88,0.25,0.29,-0.11,-0.25,0.81,-0.75,-0.00,1.00,-0.25,0.00,-0.03,-0.78,-0.00,0.75,-0.50,0.00,-1.36,-1.00,-0.44,0.14,-0.12,0.36,0.89,-1.25,-0.50,0.00,0.12,0.44,3.67,-0.23,-0.00,-0.00,0.21,-0.21,0.00,0.14,YM-FE3
0.00,10.00,4.00,2.57,1.50,0.93,0.67,0.21,-0.16,-0.67,-0.93,-1.50,-2.57,-4.00,-7.00,0.00,0.15,-1.43,-0.17,0.15,0.50,-0.03,-0.50,-0.29,0.21,1.33,-0.25,0.00,0.00,0.00,-0.88,0.25,0.22,-0.25,-0.22,0.76,-0.67,-0.00,1.00,-0.22,0.00,-0.05,-1.00,-0.00,0.78,-0.50,-0.09,-1.24,-0.75,-0.27,0.25,-0.25,0.23,0.55,-1.40,-0.42,-0.11,0.11,0.50,2.80,-0.07,-0.00,-0.00,0.06,-0.39,-0.12,0.11,YM-FE2
0.00,6.67,5.00,3.00,1.60,0.79,0.62,0.11,-0.11,-0.60,-0.93,-1.78,-2.71,-5.00,-7.00,-22.00,0.11,-1.29,-0.25,0.14,0.38,-0.00,-0.58,-0.21,0.14,1.38,-0.25,0.00,14.00,0.00,-0.88,0.12,0.33,-0.38,-0.25,0.78,-0.62,-0.09,0.89,-0.20,0.00,-0.03,-1.12,-0.00,0.67,-0.50,0.00,-1.35,-0.62,-0.27,0.25,-0.38,0.25,0.56,-1.22,-0.40,-0.11,0.11,0.40,2.00,-0.00,-0.00,-0.12,-0.00,-0.19,-0.12,0.00,YM-FE1
10.50,6.67,4.75,2.71,1.60,0.86,0.62,0.11,-0.18,-0.56,-1.00,-1.89,-2.57,-6.67,-5.25,-21.00,0.07,-1.25,-0.21,-0.00,0.21,-0.09,-0.21,-0.07,0.21,1.11,-0.19,0.00,0.00,0.00,-0.60,0.25,0.38,-0.38,-0.22,0.78,-0.50,-0.00,0.56,-0.11,0.00,-0.03,-0.75,-0.00,0.50,-0.38,0.00,-1.39,-0.86,-0.33,0.25,-0.25,0.27,0.55,-1.22,-0.45,0.00,0.11,0.50,3.33,-0.17,0.11,-0.12,0.12,-0.27,-0.11,0.25,YM-DI3
25.00,6.00,5.50,2.44,1.46,1.13,0.82,0.30,-0.19,-0.63,-1.20,-1.54,-2.44,-4.60,-5.20,-26.00,0.06,-0.83,-0.00,0.18,0.40,-0.08,-0.28,-0.24,0.11,0.85,-0.19,-17.00,0.00,-16.00,-0.59,0.22,0.33,-0.20,-0.10,0.78,-0.27,-0.00,0.60,-0.09,0.08,-0.00,-0.64,-0.00,0.36,-0.40,0.00,-1.21,-0.75,-0.15,0.33,-0.22,0.27,0.58,-1.75,-0.57,0.00,0.20,0.83,5.00,-0.12,0.11,-0.00,0.17,-0.73,-0.10,0.22,YM-DI2
10.50,5.25,4.75,2.71,1.36,0.86,0.67,0.11,-0.17,-0.62,-1.00,-1.80,-3.17,-5.00,-7.00,-22.00,0.05,-1.38,-0.23,0.07,0.29,-0.08,-0.27,-0.14,0.20,0.90,-0.20,0.00,0.00,14.00,-0.67,0.25,0.25,-0.33,-0.25,0.75,-0.38,-0.11,0.50,-0.12,0.00,-0.05,-0.56,0.11,0.25,-0.25,0.00,-1.48,-1.00,-0.30,0.25,-0.33,0.17,0.78,-1.38,-0.45,-0.11,0.11,0.40,2.75,-0.15,-0.00,-0.11,0.06,-0.31,-0.11,0.12,YM-DI1
13.50,6.25,3.29,2.20,1.36,1.13,0.56,0.21,-0.15,-0.61,-1.13,-1.91,-2.20,-4.00,-6.50,-27.00,0.02,-0.91,0.06,0.24,0.44,0.04,-0.35,-0.28,-0.06,0.77,-0.25,18.00,0.00,0.00,-0.53,0.10,0.20,-0.20,-0.11,0.80,-0.27,0.08,0.70,-0.09,0.08,-0.00,-0.64,-0.00,0.30,-0.56,0.00,-1.34,-0.50,-0.36,0.29,-0.29,0.36,0.56,-1.89,-0.73,0.00,0.12,0.73,4.00,-0.06,0.14,-0.14,0.07,-0.53,-0.14,0.14,YM-AN3
11.00,7.33,2.86,1.89,1.33,1.08,0.60,0.12,-0.25,-0.73,-1.00,-1.70,-2.57,-4.75,-7.00,-22.00,0.06,-0.73,0.07,0.31,0.38,-0.00,-0.36,-0.21,-0.00,0.64,-0.28,16.00,0.00,0.00,-0.44,0.22,0.25,-0.33,-0.12,0.84,-0.22,-0.00,0.88,0.00,0.00,-0.00,-0.67,-0.10,0.50,-0.43,-0.09,-1.27,-0.22,-0.20,0.43,-0.38,0.11,0.20,-1.22,-0.67,-0.11,0.12,0.56,2.20,0.13,0.14,-0.12,-0.21,-0.43,-0.12,0.14,YM-AN2
11.00,7.67,2.71,2.38,1.60,1.36,0.54,0.12,-0.12,-0.60,-1.00,-1.64,-2.57,-3.50,-5.25,-23.00,0.06,-0.89,0.07,0.29,0.38,0.08,-0.43,-0.21,-0.00,0.70,-0.27,0.00,0.00,16.00,-0.38,0.25,0.25,-0.25,-0.29,0.88,-0.30,0.09,0.88,-0.22,0.08,-0.00,-0.78,-0.00,0.33,-0.62,-0.09,-1.33,-0.50,-0.22,0.29,-0.25,0.38,0.57,-1.43,-0.56,-0.12,0.14,0.62,2.00,-0.07,-0.00,-0.14,0.08,-0.42,-0.14,0.14,YM-AN1
21.00,5.50,3.67,2.22,1.07,0.63,0.47,0.17,-0.22,-0.62,-0.88,-1.64,-3.50,-4.20,-4.40,0.00,0.15,-1.56,-0.44,-0.00,0.47,0.03,-0.46,-0.07,0.57,2.14,-0.19,0.00,16.00,15.00,-0.82,0.12,0.22,-0.25,-0.12,0.78,-0.55,0.09,0.90,-0.18,0.08,-0.01,-1.00,-0.08,0.67,-0.75,-0.08,-1.40,-0.82,-0.60,0.38,-0.43,0.67,0.89,-0.89,-0.44,-0.12,0.12,0.30,1.80,-0.19,0.12,-0.14,0.14,0.00,-0.12,0.14,UY-SU3
0.00,7.00,4.00,2.11,1.08,0.75,0.47,0.18,-0.19,-0.67,-1.00,-1.70,-5.00,-3.80,-7.00,0.00,0.16,-1.50,-0.54,-0.00,0.46,0.06,-0.50,-0.07,0.58,2.17,-0.20,15.00,14.00,0.00,-0.87,0.25,0.12,-0.14,-0.29,0.81,-0.67,0.09,1.00,-0.20,0.09,-0.02,-1.00,-0.00,0.75,-0.71,0.00,-1.55,-1.00,-0.67,0.43,-0.50,0.67,1.00,-1.14,-0.44,-0.17,0.12,0.33,3.00,-0.31,0.17,-0.00,0.15,-0.08,0.00,0.00,UY-SU2
0.00,6.67,4.00,2.38,1.15,0.69,0.53,0.19,-0.12,-0.67,-1.08,-1.60,-3.17,-4.75,-5.00,0.00,0.19,-1.50,-0.54,-0.00,0.46,0.03,-0.45,-0.07,0.64,2.17,-0.22,14.00,0.00,14.00,-0.87,0.14,0.12,-0.14,-0.14,0.82,-0.75,-0.00,1.00,-0.30,0.09,-0.03,-1.00,-0.09,0.86,-1.00,0.00,-1.51,-1.00,-0.67,0.29,-0.33,0.56,1.29,-0.86,-0.50,-0.14,0.14,0.38,2.00,-0.25,0.14,-0.17,0.25,0.00,0.00,0.00,UY-SU1
23.00,4.60,3.67,2.00,1.00,0.55,0.41,0.05,-0.20,-0.65,-0.93,-1.90,-4.20,-5.50,-5.75,0.00,0.07,-1.18,-0.41,0.06,0.24,-0.06,-0.25,-0.00,0.40,1.33,-0.15,17.00,0.00,17.00,-0.76,0.11,0.22,-0.25,-0.25,0.71,-0.45,-0.00,0.60,-0.20,0.00,-0.04,-0.78,-0.00,0.40,-0.44,0.00,-1.44,-0.90,-0.55,0.33,-0.38,0.50,0.89,-0.56,-0.33,-0.12,0.00,0.09,1.00,-0.29,0.12,-0.12,0.14,0.21,-0.12,0.00,UY-SA3
10.00,5.00,3.80,2.25,1.08,0.65,0.47,0.06,-0.24,-0.64,-0.85,-1.89,-3.00,-4.75,-7.00,0.00,0.11,-1.38,-0.43,-0.00,0.20,-0.04,-0.23,-0.00,0.50,1.57,-0.17,14.00,0.00,15.00,-0.79,0.29,0.14,-0.25,-0.14,0.77,-0.44,-0.00,0.67,-0.11,0.00,-0.03,-0.67,-0.11,0.50,-0.57,0.00,-1.48,-0.89,-0.56,0.29,-0.29,0.44,0.88,-0.50,-0.38,-0.12,0.14,0.00,1.00,-0.36,0.14,-0.14,0.25,0.25,-0.14,0.00,UY-SA2
10.00,6.67,4.00,2.11,1.00,0.65,0.44,0.11,-0.17,-0.67,-0.92,-1.70,-4.75,-4.75,-7.00,-20.00,0.12,-1.33,-0.40,0.07,0.27,-0.07,-0.29,-0.00,0.50,1.71,-0.18,15.00,15.00,15.00,-0.75,0.12,0.25,-0.29,-0.14,0.79,-0.56,-0.00,0.78,-0.22,0.00,-0.03,-1.00,-0.10,0.75,-0.57,0.00,-1.51,-0.89,-0.60,0.43,-0.43,0.56,0.88,-0.50,-0.22,-0.14,0.00,0.22,0.67,-0.27,-0.00,-0.00,0.17,0.17,0.00,0.00,UY-SA1
0.00,21.00,5.00,2.25,1.15,0.59,0.47,0.24,-0.19,-0.53,-0.92,-1.50,-3.60,-3.60,-5.00,-19.00,0.23,-1.10,-0.36,0.07,0.43,0.07,-0.42,0.08,0.64,2.17,-0.14,0.00,13.00,0.00,-0.81,0.29,0.12,-0.14,-0.14,0.83,-0.56,0.10,0.89,-0.10,0.10,0.03,-0.88,-0.00,0.86,-0.43,0.00,-1.38,-0.80,-0.56,0.33,-0.33,0.67,1.00,-0.56,-0.43,0.00,0.00,0.33,1.20,-0.21,-0.00,-0.00,0.25,0.17,0.00,0.00,UY-NE3
0.00,11.00,4.40,2.22,1.07,0.58,0.43,0.20,-0.21,-0.50,-0.75,-1.64,-3.33,-4.20,-5.25,0.00,0.17,-1.18,-0.38,0.06,0.40,0.06,-0.43,-0.06,0.50,1.75,-0.17,15.00,0.00,0.00,-0.82,0.11,0.22,-0.25,-0.25,0.72,-0.55,0.09,0.73,-0.17,0.08,-0.00,-0.80,-0.00,0.56,-0.62,0.00,-1.34,-1.00,-0.60,0.38,-0.38,0.60,0.90,-0.60,-0.33,-0.12,0.00,0.30,1.17,-0.20,-0.00,-0.12,0.20,0.14,0.00,0.00,UY-NE2
0.00,7.33,4.60,2.62,1.07,0.60,0.43,0.21,-0.16,-0.50,-0.81,-1.64,-3.33,-4.20,-4.20,-22.00,0.18,-1.27,-0.38,0.06,0.38,0.06,-0.33,-0.00,0.53,2.14,-0.13,0.00,0.00,15.00,-0.83,0.11,0.25,-0.22,-0.12,0.78,-0.45,-0.00,0.90,-0.18,0.08,0.01,-0.90,-0.00,0.67,-0.62,0.00,-1.32,-0.73,-0.60,0.38,-0.50,0.60,0.80,-0.60,-0.33,-0.12,0.12,0.22,1.17,-0.19,-0.00,-0.17,0.20,0.14,-0.14,0.12,UY-NE1
0.00,9.50,4.50,3.17,1.17,0.75,0.50,0.25,-0.25,-0.56,-0.86,-1.89,-3.60,-4.75,-6.33,18.00,0.16,-1.22,-0.50,0.07,0.38,0.03,-0.45,-0.07,0.58,2.00,-0.17,15.00,14.00,0.00,-0.69,0.12,0.25,-0.25,-0.12,0.79,-0.44,-0.00,0.78,-0.10,0.11,-0.00,-0.75,-0.11,0.62,-0.43,0.00,-1.25,-0.45,-0.25,0.29,-0.29,0.40,0.45,-0.55,-0.30,-0.14,0.12,0.27,1.00,0.05,0.14,-0.14,-0.00,0.06,0.00,0.00,UY-HA3
22.00,7.33,3.83,2.10,1.00,0.65,0.48,0.20,-0.16,-0.63,-0.93,-1.73,-3.50,-5.25,-7.00,-21.00,0.16,-1.08,-0.38,0.06,0.35,0.03,-0.36,-0.06,0.57,2.00,-0.16,16.00,16.00,15.00,-0.68,0.22,0.22,-0.25,-0.22,0.74,-0.60,0.09,0.82,-0.09,0.08,0.01,-0.90,-0.00,0.67,-0.44,0.00,-1.19,-0.33,-0.38,0.38,-0.38,0.36,0.70,-0.70,-0.40,-0.22,0.11,0.31,1.00,-0.00,-0.00,-0.12,0.06,0.00,-0.12,0.12,UY-HA2
20.00,6.33,5.00,2.25,1.15,0.65,0.53,0.25,-0.19,-0.62,-0.93,-1.60,-4.75,-4.75,-6.33,-19.00,0.18,-1.33,-0.38,-0.00,0.43,0.07,-0.42,-0.08,0.50,2.17,-0.17,15.00,0.00,14.00,-0.75,0.12,0.25,-0.14,-0.29,0.80,-0.56,0.10,0.78,-0.10,0.10,0.02,-0.88,-0.00,0.62,-0.43,0.00,-1.35,-0.45,-0.40,0.29,-0.33,0.40,0.56,-0.78,-0.44,-0.14,0.12,0.30,1.33,-0.00,0.14,-0.17,-0.00,0.00,-0.14,0.00,UY-HA1
0.00,10.50,3.80,2.25,1.15,0.75,0.53,0.25,-0.20,-0.71,-1.00,-1.50,-2.57,-3.80,-4.75,-10.00,0.20,-1.20,-0.36,0.13,0.46,0.04,-0.31,0.08,0.64,2.40,-0.12,0.00,0.00,0.00,-0.59,0.25,0.25,-0.14,-0.29,0.88,-0.40,0.10,1.00,-0.11,0.09,0.03,-0.78,-0.00,0.86,-0.50,0.00,-1.37,-0.78,-0.40,0.50,-0.29,0.62,1.17,-1.00,-0.57,0.00,0.14,0.44,2.00,-0.13,0.17,-0.00,0.20,0.00,-0.14,0.17,UY-FE3
0.00,7.00,4.75,2.00,1.23,0.75,0.53,0.18,-0.19,-0.64,-1.00,-1.60,-3.60,-3.80,-3.60,-19.00,0.20,-1.00,-0.36,0.13,0.46,0.04,-0.31,0.08,0.58,2.40,-0.12,0.00,0.00,15.00,-0.61,0.25,0.12,-0.14,-0.14,0.89,-0.56,0.09,1.12,-0.11,0.09,0.03,-0.70,-0.00,0.75,-0.57,0.10,-1.32,-0.60,-0.40,0.33,-0.29,0.62,1.00,-0.71,-0.50,0.00,0.00,0.44,1.40,-0.13,0.14,-0.00,0.18,0.09,0.00,0.14,UY-FE2
22.00,10.50,4.00,2.25,1.07,0.71,0.47,0.24,-0.25,-0.71,-1.00,-1.78,-3.60,-3.80,-4.75,-10.00,0.20,-1.22,-0.33,0.07,0.33,0.07,-0.42,0.07,0.64,2.40,-0.17,0.00,0.00,15.00,-0.69,0.29,0.12,-0.14,-0.29,0.85,-0.50,0.10,1.00,-0.20,0.18,0.02,-1.00,-0.00,0.75,-0.57,0.00,-1.42,-0.70,-0.50,0.29,-0.33,0.62,1.00,-1.00,-0.38,-0.14,0.00,0.44,1.17,-0.19,0.14,-0.17,0.27,0.18,-0.14,0.00,UY-FE1
24.00,11.50,8.00,2.62,1.12,0.55,0.41,0.18,-0.20,-0.71,-1.00,-2.11,-3.33,-3.17,-6.67,-20.00,0.16,-0.92,-0.28,0.17,0.35,0.03,-0.29,-0.00,0.46,1.83,-0.14,17.00,16.00,17.00,-0.50,0.11,0.20,-0.22,-0.11,0.77,-0.25,0.10,0.70,0.00,0.09,0.03,-0.60,0.10,0.33,-0.33,0.00,-1.27,-0.69,-0.33,0.22,-0.38,0.60,1.33,-0.86,-0.40,-0.11,0.00,0.23,1.00,-0.14,-0.00,-0.11,0.18,0.09,0.00,0.00,UY-DI3
0.00,12.00,4.60,2.10,1.06,0.57,0.39,0.14,-0.21,-0.71,-1.08,-1.64,-3.33,-4.00,-5.25,-22.00,0.14,-0.79,-0.18,0.11,0.33,-0.03,-0.29,-0.00,0.38,1.38,-0.14,17.00,17.00,17.00,-0.60,0.25,0.10,-0.12,-0.22,0.75,-0.25,-0.00,0.60,-0.09,0.00,-0.00,-0.60,-0.00,0.44,-0.33,0.00,-1.35,-0.83,-0.43,0.33,-0.33,0.60,1.00,-0.67,-0.44,-0.10,0.00,0.25,1.00,-0.20,0.10,-0.11,0.17,0.08,-0.11,0.10,UY-DI2
0.00,7.67,4.40,2.33,1.06,0.65,0.45,0.26,-0.21,-0.65,-0.93,-1.50,-2.86,-4.20,-5.50,-22.00,0.14,-0.85,-0.29,0.17,0.33,-0.00,-0.27,-0.06,0.36,1.50,-0.16,16.00,15.00,0.00,-0.68,0.11,0.22,-0.22,-0.12,0.77,-0.36,0.08,0.78,-0.10,0.08,-0.00,-0.60,-0.00,0.44,-0.44,0.00,-1.35,-0.90,-0.42,0.33,-0.38,0.55,1.00,-0.89,-0.40,-0.11,0.11,0.36,1.80,-0.12,0.11,-0.12,0.15,0.08,-0.11,0.12,UY-DI1
7.33,5.50,4.20,2.00,0.94,0.55,0.43,0.05,-0.21,-0.59,-0.93,-1.80,-3.50,-5.25,-7.33,-22.00,0.08,-1.18,-0.35,0.12,0.31,-0.00,-0.43,-0.06,0.27,1.20,-0.21,17.00,16.00,8.00,-0.67,0.11,0.11,-0.12,-0.25,0.72,-0.50,-0.00,0.73,-0.18,0.08,-0.03,-0.89,-0.09,0.36,-0.67,0.00,-1.43,-0.82,-0.45,0.25,-0.38,0.56,0.70,-0.56,-0.33,-0.12,0.00,0.10,0.86,-0.29,0.11,-0.29,0.21,0.21,0.00,0.00,UY-AN3
20.00,6.33,3.80,2.25,1.08,0.69,0.47,0.12,-0.19,-0.64,-1.00,-1.78,-3.60,-4.50,-6.33,-19.00,0.15,-1.11,-0.36,0.07,0.36,0.07,-0.42,-0.15,0.42,1.57,-0.21,14.00,0.00,14.00,-0.80,0.14,0.12,-0.14,-0.29,0.80,-0.50,-0.00,0.89,-0.10,0.10,-0.00,-0.88,-0.10,0.62,-0.57,0.00,-1.45,-0.67,-0.56,0.29,-0.33,0.57,0.88,-0.50,-0.43,0.00,0.00,0.22,1.00,-0.21,0.14,-0.17,0.18,0.18,-0.17,0.14,UY-AN2
23.00,5.50,4.40,2.00,0.88,0.55,0.45,0.10,-0.22,-0.59,-0.80,-1.64,-3.17,-5.25,-4.40,-22.00,0.12,-1.09,-0.35,0.12,0.35,-0.00,-0.33,-0.12,0.43,1.50,-0.20,0.00,16.00,16.00,-0.67,0.11,0.11,-0.12,-0.22,0.75,-0.36,0.09,0.64,-0.18,0.08,-0.01,-0.78,-0.09,0.40,-0.56,0.00,-1.38,-0.80,-0.45,0.22,-0.38,0.50,0.78,-0.67,-0.33,-0.11,0.11,0.18,1.20,-0.19,-0.00,-0.12,0.15,0.15,-0.12,0.11,UY-AN1
0.00,11.00,4.00,2.62,1.38,1.00,0.63,0.20,-0.19,-0.58,-0.94,-1.42,-2.62,-4.40,-4.60,-24.00,0.12,-2.00,-0.50,-0.07,0.36,-0.00,-0.38,-0.00,0.50,1.40,-0.18,0.00,-15.00,0.00,-0.87,0.25,0.12,-0.12,-0.11,0.79,-0.78,-0.00,1.00,-0.27,0.08,-0.03,-1.00,-0.08,0.73,-0.50,-0.08,-1.29,-1.83,-0.60,0.25,-0.29,0.54,1.00,-1.78,-0.50,-0.12,0.12,0.64,5.33,-0.54,-0.00,-0.00,0.44,-0.53,0.00,0.00,TM-SU3
22.00,5.25,4.20,2.11,1.50,0.94,0.58,0.14,-0.19,-0.61,-1.21,-1.64,-3.14,-5.50,-8.00,23.00,0.05,-2.14,-0.50,-0.07,0.27,-0.06,-0.40,-0.06,0.44,1.40,-0.19,16.00,0.00,15.00,-0.87,0.12,0.12,-0.12,-0.11,0.71,-0.78,-0.00,1.00,-0.30,0.00,-0.08,-1.11,-0.08,0.70,-0.75,-0.08,-1.44,-1.67,-0.67,0.12,-0.29,0.50,0.82,-1.89,-0.60,-0.11,0.00,0.60,5.33,-0.67,-0.00,-0.14,0.41,-0.62,-0.14,0.00,TM-SU2
21.00,5.50,4.00,2.33,1.38,0.88,0.56,0.14,-0.19,-0.67,-1.14,-1.64,-2.62,-5.75,-8.00,0.00,0.06,-2.14,-0.50,-0.13,0.25,-0.07,-0.38,-0.06,0.50,1.30,-0.20,0.00,16.00,0.00,-0.93,0.12,0.12,-0.25,-0.11,0.70,-0.78,-0.00,0.90,-0.36,0.08,-0.08,-1.00,-0.08,0.70,-0.67,0.00,-1.40,-1.57,-0.60,0.29,-0.43,0.46,0.91,-2.00,-0.55,-0.11,0.12,0.60,5.67,-0.54,-0.00,-0.00,0.33,-0.59,-0.14,0.00,TM-SU1
11.00,5.25,3.50,2.11,1.06,0.72,0.48,0.10,-0.25,-0.76,-1.31,-1.90,-4.20,-7.00,-7.33,0.00,0.02,-1.44,-0.36,-0.06,0.12,-0.10,-0.29,-0.06,0.19,1.10,-0.27,8.00,0.00,16.00,-0.80,0.12,-0.00,-0.11,-0.29,0.66,-0.50,-0.08,0.67,-0.33,0.00,-0.10,-0.78,-0.09,0.36,-0.44,-0.08,-1.47,-0.89,-0.50,0.29,-0.50,0.33,0.42,-1.22,-0.45,-0.29,0.00,0.30,1.83,-0.13,-0.17,-0.14,-0.00,-0.19,-0.14,-0.12,TM-SA3
7.33,4.20,3.33,2.00,1.07,0.74,0.43,0.10,-0.25,-0.94,-1.31,-2.11,-4.00,-10.50,-11.00,22.00,-0.01,-1.44,-0.36,-0.12,0.19,-0.14,-0.29,-0.06,0.20,1.00,-0.26,17.00,8.50,16.00,-0.69,0.11,-0.00,-0.12,-0.25,0.65,-0.45,-0.09,0.60,-0.20,-0.08,-0.10,-0.80,-0.09,0.40,-0.44,-0.09,-1.49,-0.88,-0.40,0.12,-0.33,0.17,0.25,-1.30,-0.56,-0.25,0.00,0.30,1.57,-0.13,-0.00,-0.29,-0.06,-0.24,-0.29,0.00,TM-SA2
11.00,5.50,3.50,2.62,1.13,0.74,0.48,0.12,-0.24,-0.71,-1.14,-1.90,-3.33,-7.00,-7.00,0.00,0.07,-1.30,-0.38,-0.00,0.24,-0.10,-0.31,-0.00,0.27,1.20,-0.23,16.00,15.00,16.00,-0.72,0.11,0.11,-0.25,-0.11,0.67,-0.45,-0.09,0.55,-0.30,0.00,-0.07,-0.70,-0.00,0.36,-0.40,0.00,-1.38,-0.70,-0.50,0.12,-0.25,0.36,0.45,-1.22,-0.50,-0.25,0.00,0.27,1.57,-0.18,-0.00,-0.14,0.06,-0.12,-0.29,0.00,TM-SA1
19.00,10.00,4.75,2.57,1.45,0.87,0.65,0.17,-0.24,-0.69,-1.08,-1.89,-3.80,-6.33,-6.33,-20.00,0.08,-1.43,-0.38,-0.00,0.31,-0.04,-0.42,-0.14,0.38,1.38,-0.25,14.00,0.00,0.00,-0.79,0.14,0.14,-0.14,-0.29,0.77,-0.62,-0.00,0.78,-0.22,0.00,-0.05,-1.00,-0.00,0.44,-0.62,-0.10,-1.34,-0.62,-0.44,0.33,-0.40,0.30,0.36,-1.20,-0.44,-0.17,0.17,0.33,2.20,-0.00,-0.00,-0.20,-0.00,-0.21,-0.17,0.00,TM-NE3
22.00,11.00,4.20,2.50,1.38,0.94,0.57,0.18,-0.19,-0.78,-1.07,-1.50,-3.50,-5.00,-7.33,-22.00,0.08,-1.20,-0.31,0.06,0.33,-0.06,-0.40,-0.06,0.31,1.33,-0.24,0.00,0.00,15.00,-0.65,0.12,0.22,-0.12,-0.12,0.76,-0.40,-0.00,0.64,-0.27,0.00,-0.04,-0.90,-0.09,0.45,-0.60,-0.08,-1.22,-0.50,-0.40,0.25,-0.29,0.27,0.38,-1.09,-0.45,-0.12,0.00,0.50,1.83,-0.06,-0.00,-0.12,-0.00,-0.24,-0.12,0.12,TM-NE2
20.00,9.50,4.00,3.00,1.33,0.93,0.59,0.17,-0.22,-0.73,-1.08,-1.89,-3.60,-6.00,-6.33,-19.00,0.10,-1.57,-0.29,-0.00,0.36,-0.04,-0.46,-0.14,0.36,1.38,-0.24,14.00,0.00,0.00,-0.77,0.17,0.14,-0.14,-0.12,0.79,-0.62,-0.00,0.89,-0.22,0.09,-0.03,-1.00,-0.10,0.56,-0.62,0.00,-1.36,-0.62,-0.33,0.17,-0.33,0.44,0.36,-1.10,-0.50,-0.17,0.12,0.50,2.00,-0.08,0.17,-0.17,-0.00,-0.21,-0.17,0.17,TM-NE1
22.00,7.00,4.20,1.90,1.07,0.78,0.52,0.10,-0.24,-0.88,-1.23,-1.64,-3.33,-10.50,-10.50,21.00,0.03,-1.20,-0.29,-0.07,0.27,-0.06,-0.50,-0.12,0.25,1.10,-0.25,16.00,16.00,16.00,-0.65,0.11,0.11,-0.25,-0.12,0.68,-0.40,-0.00,0.50,-0.20,0.00,-0.07,-0.70,-0.10,0.30,-0.44,-0.09,-1.22,-0.25,-0.30,0.11,-0.29,0.08,-0.00,-1.08,-0.60,-0.25,0.00,0.36,1.10,0.05,-0.00,-0.12,-0.24,-0.30,-0.29,0.00,TM-HA3
20.00,6.67,5.00,2.00,1.33,0.93,0.61,0.11,-0.28,-0.87,-1.15,-1.89,-3.00,-6.33,-10.00,0.00,0.10,-1.11,-0.38,0.07,0.38,-0.03,-0.50,-0.00,0.31,1.38,-0.19,0.00,0.00,15.00,-0.60,0.14,0.25,-0.29,-0.14,0.80,-0.44,0.11,0.67,-0.11,0.10,-0.02,-0.88,-0.00,0.44,-0.38,0.00,-1.24,-0.40,-0.27,0.12,-0.29,0.20,0.18,-1.89,-0.70,-0.14,0.00,0.55,1.88,-0.06,0.12,-0.29,-0.00,-0.69,-0.29,0.12,TM-HA2
-21.00,10.00,6.67,2.86,1.42,0.94,0.60,0.23,-0.19,-0.68,-1.07,-1.45,-2.71,-5.00,-6.67,-21.00,0.12,-1.10,-0.29,0.06,0.33,0.03,-0.40,-0.00,0.33,1.20,-0.16,0.00,0.00,-15.00,-0.65,0.12,0.22,-0.25,-0.11,0.79,-0.40,-0.00,0.80,-0.09,0.09,-0.00,-0.70,-0.09,0.60,-0.33,0.00,-1.06,-0.23,-0.18,0.12,-0.25,0.17,0.14,-1.00,-0.55,-0.12,0.11,0.45,1.22,0.10,-0.00,-0.14,-0.14,-0.26,-0.12,0.00,TM-HA1
11.50,5.50,4.20,2.22,1.38,0.82,0.41,0.10,-0.20,-0.75,-1.42,-2.00,-3.50,-5.00,-7.00,20.00,0.10,-1.22,-0.36,-0.07,0.27,-0.03,-0.33,-0.08,0.31,1.57,-0.22,17.00,16.00,8.50,-0.56,0.11,0.12,-0.25,-0.29,0.69,-0.36,-0.00,0.50,-0.18,0.00,-0.06,-0.67,-0.00,0.33,-0.50,0.00,-1.34,-0.90,-0.36,0.22,-0.38,0.40,0.88,-2.43,-0.89,-0.22,0.00,0.38,2.57,-0.30,-0.00,-0.12,0.29,-0.92,-0.22,0.00,TM-FE3
21.00,7.00,4.00,2.38,1.55,0.93,0.50,0.10,-0.17,-0.93,-1.60,-2.25,-3.80,-4.75,-6.33,20.00,0.10,-1.22,-0.31,-0.07,0.29,-0.00,-0.33,-0.00,0.33,1.43,-0.20,16.00,15.00,16.00,-0.56,0.14,0.12,-0.25,-0.29,0.73,-0.50,-0.00,0.56,-0.11,0.00,-0.03,-0.86,-0.00,0.38,-0.43,0.00,-1.43,-0.78,-0.45,0.22,-0.43,0.44,1.00,-2.67,-0.78,-0.25,0.11,0.45,2.83,-0.29,-0.00,-0.14,0.33,-0.92,-0.29,0.11,TM-FE2
23.00,5.75,4.60,2.33,1.29,0.89,0.45,0.13,-0.19,-0.87,-1.42,-1.90,-3.50,-4.20,-7.33,0.00,0.11,-1.00,-0.31,-0.00,0.24,-0.00,-0.29,-0.07,0.29,1.38,-0.22,17.00,17.00,17.00,-0.58,-0.00,0.22,-0.22,-0.29,0.71,-0.40,-0.00,0.55,-0.18,0.00,-0.04,-0.70,-0.00,0.40,-0.44,0.00,-1.29,-0.73,-0.36,0.22,-0.33,0.36,1.00,-2.25,-0.64,-0.22,0.00,0.46,2.57,-0.29,-0.00,-0.11,0.33,-0.73,-0.22,0.10,TM-FE1
20.00,6.33,4.00,2.25,1.33,1.00,0.56,0.10,-0.26,-0.69,-1.33,-1.89,-4.20,-6.67,-11.00,0.00,0.03,-1.29,-0.23,-0.00,0.29,-0.09,-0.43,-0.20,0.12,0.82,-0.28,0.00,0.00,15.00,-0.83,0.17,0.14,-0.25,-0.29,0.78,-0.38,-0.00,0.44,-0.22,0.00,-0.08,-0.62,-0.11,0.20,-0.50,-0.10,-1.50,-1.00,-0.50,0.14,-0.43,0.25,0.60,-2.00,-0.60,-0.12,0.00,0.56,2.60,-0.33,-0.00,-0.14,0.11,-0.56,-0.14,0.00,TM-DI3
11.50,5.75,4.40,2.10,1.36,0.83,0.45,0.09,-0.17,-0.72,-1.14,-1.82,-3.67,-5.75,-8.33,0.00,0.02,-1.10,-0.25,0.06,0.25,-0.00,-0.35,-0.17,0.06,0.77,-0.23,17.00,0.00,17.00,-0.75,0.12,0.11,-0.22,-0.22,0.70,-0.27,-0.00,0.40,-0.10,0.00,-0.05,-0.56,-0.09,0.18,-0.30,-0.09,-1.40,-1.00,-0.50,0.10,-0.38,0.29,0.64,-2.00,-0.58,-0.10,0.00,0.45,2.50,-0.33,-0.00,-0.22,0.15,-0.56,-0.22,0.10,TM-DI2
22.00,7.00,4.40,2.22,1.38,1.00,0.60,0.14,-0.22,-0.57,-1.06,-1.67,-3.29,-11.00,-8.00,0.00,0.03,-1.38,-0.20,0.07,0.36,-0.04,-0.38,-0.17,0.05,0.71,-0.22,0.00,0.00,0.00,-0.71,0.12,0.12,-0.20,-0.11,0.75,-0.20,-0.10,0.44,-0.10,0.00,-0.06,-0.40,-0.10,0.17,-0.27,-0.10,-1.37,-1.29,-0.44,0.11,-0.22,0.21,0.67,-1.89,-0.58,-0.10,0.10,0.60,3.00,-0.46,0.11,-0.22,0.24,-0.47,-0.11,0.00,TM-DI1
5.75,3.50,2.75,1.50,1.00,0.70,0.52,-0.00,-0.30,-1.13,-1.58,-2.33,-5.50,-11.00,0.00,11.50,-0.09,-1.56,-0.31,-0.00,0.18,-0.11,-0.44,-0.38,-0.06,0.77,-0.38,5.67,8.50,5.67,-0.75,-0.11,0.10,-0.50,-0.25,0.57,-0.56,-0.08,0.45,-0.40,-0.08,-0.16,-0.89,-0.27,0.18,-0.88,-0.17,-1.68,-0.60,-0.50,0.11,-0.50,-0.09,0.18,-1.88,-1.00,-0.33,-0.11,0.27,1.50,-0.24,-0.12,-0.38,-0.25,-0.71,-0.38,-0.11,TM-AN3
5.75,3.14,2.33,1.54,1.00,0.70,0.32,-0.05,-0.35,-1.14,-1.58,-2.33,-5.75,-11.50,-23.00,5.50,-0.09,-1.44,-0.31,-0.06,0.17,-0.14,-0.50,-0.38,-0.06,0.69,-0.42,8.50,5.33,5.67,-0.81,-0.00,-0.00,-0.38,-0.38,0.53,-0.60,-0.17,0.50,-0.36,-0.17,-0.20,-1.00,-0.27,0.27,-0.88,-0.25,-1.80,-1.12,-0.67,0.11,-0.57,0.27,0.30,-2.00,-0.78,-0.38,0.00,0.20,2.00,-0.29,-0.12,-0.25,-0.14,-0.54,-0.25,0.00,TM-AN2
6.00,4.60,2.75,1.58,1.06,0.68,0.41,-0.00,-0.35,-1.07,-1.50,-2.11,-3.67,-11.50,-11.50,24.00,-0.04,-1.20,-0.33,-0.00,0.18,-0.11,-0.44,-0.31,-0.06,0.69,-0.39,8.50,8.50,8.50,-0.75,-0.00,0.10,-0.38,-0.25,0.58,-0.60,-0.08,0.55,-0.36,-0.08,-0.16,-0.89,-0.18,0.17,-0.78,-0.17,-1.67,-1.00,-0.50,0.12,-0.57,0.30,0.25,-1.62,-0.67,-0.25,-0.12,0.09,1.71,-0.27,-0.12,-0.29,-0.07,-0.46,-0.25,0.00,TM-AN1
21.00,5.50,4.20,2.22,1.64,1.21,0.75,0.31,-0.29,-0.87,-1.23,-1.90,-2.86,-4.20,-5.50,-23.00,0.18,-2.33,-0.46,-0.00,0.46,-0.07,-0.46,-0.00,0.46,1.50,-0.30,0.00,0.00,14.00,-0.87,0.38,0.14,-0.29,-0.29,0.85,-1.00,0.09,1.43,-0.33,0.10,-0.04,-1.57,-0.09,1.00,-1.00,-0.09,-1.73,-2.17,-0.78,0.14,-0.29,0.70,1.62,-2.29,-0.89,-0.25,0.14,0.70,8.50,-0.83,-0.00,-0.14,0.77,-0.83,-0.29,0.14,NM-SU3
21.00,5.25,5.25,2.38,1.64,1.21,0.71,0.22,-0.29,-0.75,-1.33,-1.80,-2.38,-4.20,-7.67,0.00,0.22,-2.50,-0.54,-0.00,0.46,-0.00,-0.46,-0.00,0.54,1.86,-0.27,0.00,0.00,12.00,-1.14,0.29,0.14,-0.14,-0.29,0.84,-1.14,-0.00,1.57,-0.33,0.10,-0.03,-1.57,-0.09,1.00,-0.86,-0.09,-1.68,-2.33,-0.64,0.17,-0.29,0.73,2.50,-2.17,-0.78,-0.25,0.12,0.60,16.00,-0.83,-0.00,-0.00,0.83,-0.64,-0.14,0.14,NM-SU2
10.00,5.25,4.00,2.50,1.55,1.14,0.75,0.24,-0.29,-0.86,-1.15,-1.70,-2.38,-4.00,-7.67,0.00,0.22,-2.14,-0.54,0.07,0.54,-0.12,-0.46,-0.00,0.54,1.75,-0.25,13.00,0.00,0.00,-1.14,0.14,0.12,-0.14,-0.14,0.81,-1.00,-0.00,1.38,-0.22,0.00,-0.05,-1.83,-0.09,1.00,-0.71,-0.10,-1.71,-2.33,-0.80,0.29,-0.43,0.82,2.33,-2.50,-0.78,-0.22,0.14,0.70,8.50,-0.69,-0.17,-0.00,0.83,-0.75,-0.14,0.14,NM-SU1
0.00,7.33,5.25,2.86,1.73,1.07,0.72,0.28,-0.21,-0.61,-1.07,-1.55,-2.86,-4.40,-5.50,-22.00,0.21,-2.14,-0.54,-0.07,0.33,-0.00,-0.20,0.12,0.54,1.44,-0.18,0.00,0.00,0.00,-1.00,0.25,0.29,-0.25,-0.29,0.89,-0.88,0.09,1.12,-0.33,0.09,-0.05,-1.00,-0.00,0.78,-0.50,0.00,-1.66,-1.43,-0.60,0.29,-0.43,0.60,1.25,-1.43,-0.67,-0.12,0.00,0.50,4.00,-0.38,-0.00,-0.14,0.38,-0.17,-0.29,0.14,NM-SA3
-22.00,22.00,22.00,3.00,1.42,1.00,0.61,0.19,-0.15,-0.71,-0.93,-1.42,-2.71,-4.20,-4.40,-11.00,0.23,-1.50,-0.31,0.15,0.50,-0.00,-0.46,-0.00,0.46,1.86,-0.18,-12.00,0.00,-12.00,-0.94,0.43,0.12,-0.12,-0.29,0.90,-0.78,0.09,1.29,-0.33,0.10,-0.00,-1.12,0.09,0.88,-0.62,0.09,-1.46,-1.38,-0.60,0.50,-0.43,0.70,1.38,-1.25,-0.56,-0.12,0.14,0.50,5.50,-0.46,-0.00,-0.00,0.46,-0.08,-0.14,0.17,NM-SA2
-21.00,0.00,23.00,3.50,1.64,1.00,0.75,0.28,-0.11,-0.65,-0.87,-1.42,-2.11,-4.20,-4.40,-5.25,0.27,-1.50,-0.38,0.14,0.54,0.03,-0.29,0.07,0.62,1.86,-0.11,-14.00,-12.00,-14.00,-0.88,0.29,0.29,-0.00,-0.25,0.97,-0.67,0.09,1.43,-0.22,0.09,0.02,-1.00,0.18,0.88,-0.50,0.00,-1.36,-1.25,-0.50,0.29,-0.29,0.78,1.38,-0.89,-0.62,0.00,0.14,0.56,3.33,-0.31,-0.00,-0.00,0.50,0.09,-0.12,0.17,NM-SA1
21.00,5.50,5.25,2.38,1.64,1.00,0.76,0.22,-0.29,-0.75,-1.00,-1.70,-3.00,-5.25,-7.67,-11.00,0.17,-2.17,-0.50,-0.00,0.46,-0.04,-0.38,-0.00,0.50,1.33,-0.22,0.00,0.00,14.00,-0.87,0.29,0.25,-0.25,-0.29,0.86,-0.75,-0.00,1.12,-0.33,0.09,-0.03,-1.12,-0.10,0.78,-0.62,-0.09,-1.62,-1.00,-0.56,0.29,-0.43,0.50,1.00,-1.25,-0.75,-0.25,0.14,0.56,2.75,-0.38,-0.00,-0.00,0.23,-0.33,-0.29,0.14,NM-NE3
21.00,7.00,4.40,3.17,1.58,1.07,0.65,0.22,-0.22,-0.71,-1.14,-1.55,-3.50,-5.50,-5.50,-22.00,0.17,-1.86,-0.46,0.07,0.46,-0.04,-0.43,-0.00,0.43,1.44,-0.22,0.00,0.00,0.00,-0.93,0.25,0.12,-0.29,-0.29,0.86,-0.67,-0.00,1.25,-0.22,0.09,-0.03,-1.29,-0.09,0.78,-0.50,-0.09,-1.69,-1.43,-0.50,0.29,-0.33,0.40,0.89,-1.38,-0.78,-0.25,0.14,0.56,4.00,-0.33,-0.00,-0.14,0.23,-0.31,-0.29,0.17,NM-NE2
20.00,6.67,4.00,2.71,1.55,1.07,0.71,0.29,-0.22,-0.75,-1.00,-1.70,-3.33,-5.00,-5.50,0.00,0.18,-2.00,-0.43,-0.00,0.43,-0.04,-0.43,-0.00,0.43,1.56,-0.20,13.00,0.00,0.00,-1.00,0.29,0.12,-0.14,-0.25,0.81,-0.88,-0.00,1.00,-0.20,0.00,-0.05,-1.29,-0.00,0.67,-0.62,0.00,-1.62,-1.29,-0.60,0.29,-0.33,0.50,0.80,-1.33,-0.67,-0.14,0.14,0.40,4.33,-0.31,-0.00,-0.17,0.20,-0.36,-0.17,0.14,NM-NE1
20.00,6.67,6.67,2.86,1.55,1.07,0.81,0.22,-0.21,-0.76,-1.07,-1.64,-2.71,-7.00,-5.25,0.00,0.15,-1.71,-0.38,-0.07,0.31,-0.04,-0.43,-0.07,0.40,1.44,-0.22,-14.00,0.00,0.00,-0.93,0.29,0.11,-0.25,-0.29,0.85,-0.62,-0.00,1.00,-0.22,0.10,-0.03,-1.12,-0.09,0.67,-0.62,-0.09,-1.33,-0.50,-0.36,0.38,-0.38,0.27,0.42,-1.00,-0.55,-0.12,0.00,0.36,2.40,-0.06,0.12,-0.14,-0.00,-0.17,-0.25,0.12,NM-HA3
0.00,7.00,5.25,2.71,1.50,1.00,0.71,0.21,-0.21,-0.71,-1.00,-1.55,-2.86,-5.25,-11.00,-21.00,0.17,-2.17,-0.50,-0.00,0.36,-0.00,-0.50,-0.00,0.50,1.62,-0.20,0.00,0.00,0.00,-0.93,0.12,0.25,-0.25,-0.25,0.83,-0.88,0.10,0.89,-0.22,0.00,-0.05,-1.12,-0.00,0.67,-0.57,-0.09,-1.28,-0.45,-0.27,0.22,-0.38,0.25,0.38,-0.75,-0.45,-0.22,0.11,0.25,1.67,-0.06,0.12,-0.11,-0.06,-0.18,-0.20,0.12,NM-HA2
-21.00,22.00,7.33,2.62,1.42,1.00,0.72,0.21,-0.19,-0.76,-1.00,-1.50,-2.86,-5.50,-7.33,-21.00,0.19,-1.75,-0.43,-0.00,0.36,-0.00,-0.36,-0.00,0.57,1.33,-0.18,0.00,0.00,0.00,-0.81,0.25,0.22,-0.25,-0.12,0.89,-0.67,0.10,1.25,0.00,0.09,0.02,-1.12,-0.00,0.78,-0.38,-0.09,-1.24,-0.45,-0.23,0.25,-0.33,0.27,0.50,-0.82,-0.55,-0.22,0.11,0.42,1.43,-0.05,0.12,-0.11,-0.00,-0.18,-0.25,0.11,NM-HA1
21.00,7.00,4.40,2.38,1.42,0.94,0.61,0.15,-0.28,-0.73,-1.33,-1.78,-2.86,-5.25,-10.50,-22.00,0.20,-2.00,-0.43,-0.00,0.36,-0.08,-0.21,0.07,0.38,1.33,-0.21,13.00,0.00,12.00,-1.00,0.29,0.12,-0.14,-0.33,0.81,-1.00,-0.00,1.57,-0.38,0.09,-0.05,-1.43,-0.00,0.88,-0.71,-0.09,-1.68,-1.86,-0.78,0.12,-0.29,0.70,1.62,-1.43,-0.67,-0.12,0.00,0.44,4.33,-0.67,-0.00,-0.14,0.67,-0.36,-0.14,0.00,NM-FE3
22.00,5.50,4.40,2.33,1.21,0.94,0.61,0.16,-0.26,-0.71,-1.23,-2.11,-3.00,-5.50,-7.67,23.00,0.17,-1.75,-0.50,-0.13,0.36,-0.08,-0.25,0.12,0.43,1.33,-0.24,13.00,14.00,13.00,-1.07,0.25,0.12,-0.14,-0.25,0.78,-0.89,-0.00,1.11,-0.33,0.08,-0.06,-1.25,-0.00,0.89,-0.50,-0.09,-1.76,-2.33,-0.64,0.14,-0.25,0.64,1.62,-1.71,-0.67,-0.22,0.00,0.60,4.33,-0.69,-0.00,-0.14,0.57,-0.38,-0.29,0.00,NM-FE2
22.00,5.75,4.20,2.50,1.42,1.14,0.58,0.16,-0.26,-0.71,-1.23,-2.00,-4.00,-5.25,-7.33,-21.00,0.19,-2.00,-0.58,-0.07,0.38,-0.04,-0.20,0.13,0.46,1.50,-0.22,0.00,0.00,0.00,-1.15,0.29,0.12,-0.14,-0.43,0.79,-1.14,-0.00,1.25,-0.33,0.00,-0.07,-1.57,-0.00,0.89,-0.75,0.00,-1.73,-2.17,-0.78,0.29,-0.29,0.64,1.38,-1.71,-0.78,-0.12,0.00,0.56,7.00,-0.64,-0.00,-0.14,0.54,-0.33,-0.29,0.14,NM-FE1
25.00,6.25,4.00,1.91,1.12,0.89,0.65,0.11,-0.35,-1.15,-1.42,-1.64,-2.86,-4.20,-21.00,9.50,0.17,-1.09,-0.35,0.06,0.44,0.04,-0.45,-0.17,0.33,2.00,-0.32,16.00,8.00,7.50,-0.60,0.25,0.25,-0.25,-0.50,0.86,-0.50,0.09,1.00,-0.22,0.00,-0.03,-1.14,-0.00,0.71,-0.83,-0.10,-1.49,-0.50,-0.38,0.29,-0.38,0.57,1.00,-1.67,-0.71,-0.25,0.00,0.25,2.00,-0.11,0.12,-0.29,0.11,-0.25,-0.25,0.12,NM-DI3
23.00,8.00,4.40,2.75,1.36,1.00,0.68,0.16,-0.29,-0.87,-1.14,-1.64,-2.38,-3.67,-7.33,0.00,0.18,-1.09,-0.31,-0.00,0.47,-0.00,-0.31,-0.07,0.43,1.71,-0.21,0.00,16.00,17.00,-0.53,0.38,0.22,-0.25,-0.43,0.90,-0.50,0.09,1.11,0.00,0.08,0.03,-1.25,-0.00,0.88,-0.57,-0.09,-1.42,-0.64,-0.45,0.38,-0.38,0.62,1.00,-1.12,-0.62,-0.22,0.12,0.45,2.40,-0.12,0.12,-0.14,0.25,-0.09,-0.25,0.12,NM-DI1
11.50,4.80,3.67,3.00,1.38,1.00,0.50,0.05,-0.25,-1.00,-1.42,-2.25,-4.20,-7.00,-5.25,0.00,0.09,-1.33,-0.29,0.07,0.43,-0.09,-0.36,-0.07,0.20,1.00,-0.27,0.00,16.00,0.00,-0.86,0.14,0.25,-0.25,-0.29,0.86,-0.67,-0.00,1.29,-0.38,0.09,-0.05,-1.12,-0.09,0.62,-0.86,-0.09,-1.69,-1.29,-0.56,0.25,-0.50,0.56,0.88,-1.29,-0.62,-0.25,0.00,0.33,2.25,-0.42,-0.00,-0.12,0.18,-0.10,-0.25,0.14,NM-AN3
11.50,6.25,4.60,2.00,1.29,0.93,0.61,0.16,-0.33,-0.87,-1.42,-1.90,-3.50,-5.50,-11.00,-22.00,0.10,-1.33,-0.31,0.07,0.46,-0.04,-0.43,-0.07,0.33,1.22,-0.25,15.00,0.00,0.00,-0.73,0.25,0.12,-0.12,-0.29,0.91,-0.75,0.09,1.25,-0.22,0.18,-0.02,-1.25,-0.09,0.75,-0.71,-0.18,-1.58,-1.00,-0.36,0.29,-0.43,0.42,0.88,-1.86,-0.89,-0.11,0.12,0.64,3.25,-0.29,0.14,-0.25,0.21,-0.77,-0.12,0.14,NM-AN2
22.00,5.75,4.40,2.22,1.31,0.94,0.69,0.10,-0.33,-0.93,-1.31,-1.89,-3.33,-7.00,-5.50,-22.00,0.12,-1.50,-0.36,0.07,0.46,-0.00,-0.46,-0.07,0.27,1.22,-0.25,15.00,16.00,15.00,-0.75,0.25,0.25,-0.25,-0.43,0.86,-0.67,0.09,1.25,-0.22,0.09,-0.03,-1.25,-0.00,0.56,-0.86,-0.08,-1.49,-0.60,-0.36,0.25,-0.38,0.40,0.56,-1.11,-0.67,-0.25,0.12,0.36,1.83,-0.12,0.14,-0.25,0.07,-0.29,-0.29,0.12,NM-AN1
21.00,11.00,5.75,3.67,1.73,1.07,0.58,0.23,-0.13,-0.62,-1.19,-2.00,-3.29,-5.75,-4.80,0.00,0.10,-1.20,-0.31,0.25,0.64,-0.03,-0.67,-0.29,0.26,1.18,-0.27,0.00,-15.00,0.00,-0.87,0.38,0.25,-0.22,-0.38,0.78,-0.80,0.08,1.00,-0.25,0.07,-0.03,-1.00,-0.15,0.80,-0.88,-0.07,-1.25,-0.73,-0.33,0.29,-0.25,0.43,0.58,-1.25,-0.46,-0.12,0.22,0.58,2.60,-0.11,-0.00,-0.00,0.15,-0.42,0.00,0.12,NA-SU3
21.00,10.50,5.50,3.33,1.90,1.06,0.52,0.18,-0.17,-0.62,-1.20,-2.20,-3.67,-5.75,-7.67,-24.00,0.09,-1.20,-0.25,0.27,0.64,-0.03,-0.67,-0.31,0.22,1.00,-0.27,0.00,0.00,0.00,-0.81,0.25,0.22,-0.22,-0.38,0.74,-0.80,-0.00,1.18,-0.17,0.07,-0.03,-1.08,-0.15,0.90,-0.88,-0.07,-1.18,-0.64,-0.33,0.12,-0.22,0.31,0.57,-1.33,-0.67,-0.11,0.10,0.67,2.50,-0.06,-0.00,-0.12,0.10,-0.45,-0.12,0.11,NA-SU2
18.00,9.50,6.33,2.43,1.60,0.93,0.50,0.20,-0.26,-0.65,-1.25,-2.57,-6.33,-9.50,-9.50,-19.00,0.15,-1.38,-0.29,0.23,0.58,-0.00,-0.75,-0.46,0.20,1.33,-0.31,14.00,15.00,0.00,-0.64,0.29,0.25,-0.38,-0.43,0.72,-0.88,-0.00,1.11,-0.20,0.00,-0.05,-1.22,-0.18,0.88,-0.83,-0.17,-1.15,-0.55,-0.17,0.11,-0.22,0.15,0.33,-1.60,-0.67,-0.22,0.10,0.54,1.75,-0.05,0.11,-0.22,-0.05,-0.63,-0.22,0.11,NA-SU1
0.00,10.50,11.00,4.20,1.55,1.07,0.61,0.24,-0.09,-0.48,-0.94,-1.58,-3.67,-4.40,-4.80,-8.00,0.11,-1.10,-0.25,0.20,0.47,0.08,-0.44,-0.18,0.28,1.00,-0.18,-15.00,-16.00,-15.00,-0.80,0.38,0.25,-0.22,-0.11,0.83,-0.60,0.08,0.82,-0.17,0.08,-0.00,-0.67,-0.08,0.70,-0.40,0.00,-1.13,-0.64,-0.27,0.22,-0.25,0.38,0.50,-0.92,-0.38,-0.11,0.22,0.50,2.75,-0.06,-0.00,-0.00,0.14,-0.15,0.00,0.11,NA-SA3
0.00,10.00,11.00,5.25,1.80,1.23,0.65,0.25,-0.10,-0.45,-0.88,-1.58,-3.14,-4.40,-3.83,-8.00,0.15,-1.20,-0.21,0.20,0.50,0.04,-0.53,-0.12,0.24,1.09,-0.18,0.00,-15.00,-15.00,-0.73,0.43,0.25,-0.22,-0.22,0.80,-0.56,-0.00,0.70,-0.18,0.09,-0.01,-0.45,-0.10,0.56,-0.50,0.00,-1.17,-0.80,-0.27,0.38,-0.33,0.42,0.75,-1.27,-0.46,-0.11,0.22,0.58,4.67,-0.19,0.12,-0.00,0.21,-0.47,0.00,0.11,NA-SA2
0.00,19.00,6.33,4.50,2.00,1.17,0.79,0.22,-0.10,-0.47,-1.07,-1.70,-3.17,-4.00,-5.25,-10.50,0.14,-0.89,-0.23,0.23,0.50,0.09,-0.46,-0.14,0.20,1.00,-0.20,-14.00,-15.00,-15.00,-0.69,0.43,0.29,-0.25,-0.29,0.93,-0.50,-0.00,1.12,-0.10,0.10,0.02,-0.78,-0.10,0.67,-0.62,0.09,-1.22,-0.67,-0.30,0.29,-0.29,0.40,0.64,-1.10,-0.45,-0.12,0.25,0.56,2.75,-0.14,0.12,-0.00,0.12,-0.31,0.00,0.12,NA-SA1
20.00,6.67,6.33,2.71,1.36,0.88,0.44,0.10,-0.10,-0.47,-0.71,-1.45,-2.71,-10.50,-5.00,-21.00,0.16,-1.30,-0.31,0.20,0.53,-0.04,-0.53,-0.25,0.29,1.27,-0.19,0.00,0.00,0.00,-0.75,0.25,0.38,-0.22,-0.25,0.75,-0.60,-0.00,1.00,-0.20,0.08,-0.03,-0.91,-0.00,0.78,-0.62,0.00,-1.12,-0.55,-0.33,0.25,-0.25,0.31,0.50,-0.69,-0.33,-0.11,0.11,0.36,1.29,-0.06,-0.00,-0.00,0.05,-0.05,-0.12,0.12,NA-NE3
19.00,10.00,6.33,3.60,1.60,1.00,0.56,0.20,-0.14,-0.42,-0.82,-1.45,-2.71,-4.20,-7.00,-10.50,0.16,-1.20,-0.27,0.25,0.62,-0.04,-0.64,-0.19,0.24,1.18,-0.19,0.00,-14.00,-14.00,-0.80,0.25,0.25,-0.12,-0.22,0.76,-0.60,0.08,0.90,-0.17,0.08,-0.01,-1.00,-0.00,0.60,-0.56,-0.08,-1.11,-0.55,-0.25,0.29,-0.25,0.31,0.46,-0.75,-0.46,0.00,0.11,0.45,1.50,-0.06,-0.00,-0.00,0.05,-0.20,0.00,0.12,NA-NE2
18.00,9.50,5.00,3.00,1.50,0.87,0.59,0.15,-0.09,-0.56,-0.82,-1.33,-3.33,-6.67,-5.00,-21.00,0.12,-1.20,-0.27,0.19,0.57,-0.00,-0.60,-0.19,0.24,1.09,-0.21,0.00,-13.00,-13.00,-0.86,0.43,0.22,-0.25,-0.25,0.76,-0.67,-0.00,0.90,-0.18,0.09,-0.02,-0.82,-0.09,0.70,-0.56,0.00,-1.11,-0.50,-0.27,0.25,-0.25,0.33,0.43,-0.69,-0.25,-0.12,0.11,0.36,1.14,-0.06,0.12,-0.12,0.05,-0.05,0.00,0.00,NA-NE1
0.00,0.00,6.67,3.17,1.31,1.00,0.62,0.22,-0.23,-0.57,-1.00,-1.58,-3.50,-10.50,-10.50,0.00,0.10,-1.22,-0.19,0.20,0.54,-0.00,-0.60,-0.29,0.24,1.00,-0.21,0.00,-14.00,0.00,-0.62,0.22,0.33,-0.33,-0.20,0.69,-0.50,-0.00,0.70,-0.09,0.10,-0.01,-0.64,-0.18,0.50,-0.44,0.00,-0.97,-0.54,-0.13,0.18,-0.20,0.18,0.38,-1.29,-0.62,-0.09,0.17,0.56,2.12,-0.00,0.09,-0.09,0.04,-0.48,-0.09,0.09,NA-HA3
0.00,0.00,10.00,3.33,1.55,0.94,0.65,0.17,-0.18,-0.50,-1.00,-1.50,-3.50,-7.33,-10.50,-21.00,0.13,-1.33,-0.27,0.20,0.62,-0.00,-0.60,-0.29,0.18,1.08,-0.20,0.00,-15.00,0.00,-0.62,0.38,0.33,-0.30,-0.33,0.70,-0.44,-0.00,0.55,-0.08,0.00,-0.03,-0.55,-0.09,0.40,-0.30,0.00,-0.97,-0.50,-0.14,0.20,-0.18,0.12,0.41,-1.20,-0.50,-0.08,0.09,0.60,2.29,-0.05,0.09,-0.10,0.04,-0.50,0.00,0.09,NA-HA2
0.00,0.00,10.00,3.33,1.64,1.00,0.67,0.17,-0.17,-0.55,-0.89,-1.50,-3.33,-22.00,-10.50,-21.00,0.13,-1.00,-0.19,0.20,0.62,-0.00,-0.60,-0.24,0.22,0.92,-0.21,-15.00,0.00,-16.00,-0.47,0.33,0.44,-0.30,-0.30,0.74,-0.40,-0.00,0.80,0.00,0.09,-0.00,-0.64,-0.08,0.50,-0.30,0.00,-0.95,-0.50,-0.07,0.18,-0.25,0.12,0.35,-1.29,-0.53,-0.17,0.15,0.67,2.00,0.05,0.08,-0.08,-0.00,-0.48,-0.08,0.17,NA-HA1
0.00,10.00,7.00,3.33,1.45,0.94,0.48,0.09,-0.09,-0.48,-0.82,-1.64,-3.50,-7.00,-4.60,-22.00,0.15,-1.09,-0.19,0.12,0.57,0.04,-0.53,-0.17,0.29,1.00,-0.19,-15.00,0.00,-14.00,-0.93,0.43,0.22,-0.25,-0.22,0.78,-0.70,-0.00,1.00,-0.17,0.08,-0.01,-0.91,-0.08,0.90,-0.56,0.00,-1.11,-0.62,-0.33,0.22,-0.25,0.31,0.62,-0.83,-0.38,-0.12,0.10,0.33,1.43,-0.05,-0.00,-0.12,0.10,0.00,-0.12,0.11,NA-FE3
0.00,10.50,10.00,4.00,1.60,0.94,0.58,0.19,-0.09,-0.38,-0.83,-1.64,-3.50,-5.50,-5.75,-11.50,0.14,-0.91,-0.13,0.20,0.57,0.04,-0.44,-0.19,0.22,0.92,-0.19,0.00,-16.00,0.00,-0.75,0.38,0.25,-0.22,-0.25,0.83,-0.70,0.08,1.10,-0.17,0.08,-0.00,-0.91,-0.08,0.80,-0.67,0.00,-1.13,-0.64,-0.36,0.33,-0.33,0.45,0.54,-0.75,-0.33,0.00,0.11,0.27,1.67,-0.00,0.11,-0.11,0.06,0.06,-0.11,0.11,NA-FE2
0.00,20.00,10.00,4.75,1.60,0.94,0.63,0.14,-0.09,-0.48,-0.74,-1.64,-3.33,-7.00,-4.40,-10.50,0.15,-1.00,-0.20,0.20,0.57,0.04,-0.44,-0.19,0.22,1.09,-0.19,0.00,-15.00,-15.00,-0.80,0.38,0.25,-0.22,-0.25,0.81,-0.89,0.08,1.10,-0.17,0.08,-0.00,-0.91,-0.08,0.89,-0.56,0.00,-1.13,-0.64,-0.45,0.22,-0.22,0.42,0.62,-0.75,-0.42,0.00,0.11,0.33,2.00,-0.06,-0.00,-0.00,0.11,-0.05,0.00,0.11,NA-FE1
0.00,20.00,6.33,3.60,1.60,1.15,0.62,0.24,-0.11,-0.60,-1.00,-1.60,-2.43,-3.80,-4.00,-5.00,0.21,-0.73,-0.00,0.36,0.62,0.17,-0.50,-0.23,0.20,1.11,-0.16,-14.00,-13.00,0.00,-0.62,0.43,0.29,-0.12,-0.29,0.93,-0.33,0.11,0.78,0.00,0.10,0.07,-0.50,-0.00,0.71,-0.43,0.10,-1.15,-0.70,-0.30,0.29,-0.14,0.40,1.12,-1.38,-0.60,0.00,0.12,0.70,3.25,-0.12,0.17,-0.00,0.29,-0.43,0.00,0.14,NA-DI3
21.00,10.00,5.00,2.38,1.15,0.93,0.50,0.16,-0.20,-0.79,-1.36,-2.12,-3.80,-4.75,-4.75,-20.00,0.14,-0.82,-0.07,0.21,0.57,0.05,-0.54,-0.14,0.15,0.90,-0.22,0.00,0.00,14.00,-0.65,0.25,0.25,-0.29,-0.29,0.81,-0.40,0.11,0.67,-0.22,0.10,-0.00,-0.60,-0.00,0.62,-0.38,0.10,-1.28,-0.50,-0.40,0.25,-0.43,0.40,0.78,-1.29,-0.50,-0.12,0.12,0.36,1.43,-0.12,0.12,-0.12,0.14,-0.23,-0.12,0.12,NA-DI2
7.33,5.25,4.00,2.38,1.23,0.82,0.50,0.10,-0.13,-0.57,-1.06,-1.67,-4.60,-11.50,-25.00,24.00,0.01,-1.33,-0.19,0.20,0.43,-0.09,-0.53,-0.33,0.11,0.67,-0.28,0.00,16.00,0.00,-0.92,0.25,0.12,-0.22,-0.38,0.71,-0.56,-0.08,0.64,-0.17,-0.09,-0.10,-0.80,-0.08,0.33,-0.60,0.00,-1.47,-1.00,-0.50,0.22,-0.38,0.29,0.50,-1.09,-0.58,-0.10,0.11,0.45,2.00,-0.21,-0.00,-0.11,-0.00,-0.16,-0.11,0.00,NA-DI1
21.00,5.25,7.00,2.50,1.45,0.93,0.65,0.20,-0.14,-0.60,-0.94,-1.73,-2.86,-7.33,-4.60,-24.00,0.03,-0.75,-0.00,0.33,0.57,0.04,-0.56,-0.38,-0.00,0.77,-0.27,0.00,-16.00,0.00,-0.64,0.29,0.38,-0.33,-0.25,0.80,-0.40,0.08,0.80,-0.18,0.08,-0.03,-0.64,-0.17,0.40,-0.67,-0.08,-1.20,-0.40,-0.27,0.43,-0.38,0.25,0.29,-1.08,-0.58,0.00,0.11,0.70,1.83,-0.00,0.12,-0.14,-0.00,-0.32,0.00,0.12,NA-AN3
10.00,7.00,5.00,2.50,1.33,0.93,0.61,0.20,-0.14,-0.63,-0.94,-1.58,-3.50,-7.33,-5.75,-24.00,0.03,-0.67,-0.00,0.29,0.53,0.04,-0.62,-0.41,-0.00,0.64,-0.31,0.00,0.00,0.00,-0.64,0.29,0.25,-0.22,-0.25,0.81,-0.40,0.08,0.73,-0.25,0.08,-0.04,-0.90,-0.15,0.50,-0.88,-0.08,-1.22,-0.30,-0.30,0.25,-0.29,0.15,0.21,-0.92,-0.50,0.00,0.12,0.45,1.50,0.06,0.14,-0.12,-0.15,-0.21,-0.12,0.14,NA-AN2
20.00,7.00,3.33,2.57,1.55,1.14,0.69,0.20,-0.18,-0.60,-1.00,-1.67,-3.67,-7.33,-8.00,-24.00,0.01,-0.90,-0.00,0.29,0.47,-0.00,-0.60,-0.35,-0.00,0.53,-0.30,0.00,0.00,0.00,-0.64,0.25,0.38,-0.33,-0.25,0.76,-0.50,0.09,0.64,-0.17,0.00,-0.04,-0.80,-0.17,0.40,-0.75,-0.08,-1.26,-0.67,-0.30,0.25,-0.25,0.23,0.43,-1.00,-0.50,-0.11,0.12,0.60,2.40,-0.14,0.11,-0.12,0.05,-0.40,0.00,0.12,NA-AN1
23.00,6.25,2.75,1.83,1.67,1.36,0.65,0.25,-0.38,-0.93,-1.58,-2.22,-2.33,-3.29,-11.50,23.00,0.20,-2.00,-0.54,-0.07,0.50,-0.00,-0.54,-0.00,0.54,2.50,-0.24,16.00,0.00,15.00,-0.87,0.43,0.25,-0.29,-0.29,0.85,-0.89,0.08,1.11,-0.30,0.00,-0.03,-1.10,-0.00,1.14,-1.00,0.00,-1.56,-2.67,-0.54,0.25,-0.14,0.58,2.50,-4.00,-1.00,-0.22,0.22,0.92,24.00,-0.80,-0.00,-0.00,0.86,-1.57,-0.12,0.12,MK-SU3
23.00,6.00,2.75,1.91,1.67,1.54,0.75,0.22,-0.35,-1.07,-2.10,-3.00,-2.22,-3.14,-11.50,22.00,0.16,-2.14,-0.69,-0.06,0.54,-0.00,-0.46,-0.00,0.54,2.50,-0.24,0.00,0.00,14.00,-1.07,0.33,0.14,-0.14,-0.29,0.86,-1.00,-0.00,1.22,-0.30,0.00,-0.05,-1.10,-0.09,1.25,-1.00,0.00,-1.79,-3.25,-0.60,0.33,-0.33,0.64,3.50,-7.33,-1.22,-0.25,0.29,1.10,0.00,-1.09,0.20,-0.00,1.00,-1.91,-0.17,0.14,MK-SU2
0.00,5.20,3.00,1.83,1.62,1.43,0.65,0.22,-0.41,-1.14,-2.10,-3.14,-2.44,-3.83,-11.50,25.00,0.14,-1.44,-0.14,0.20,0.62,-0.00,-0.46,-0.15,0.23,1.00,-0.26,0.00,0.00,15.00,-0.88,0.25,0.25,-0.29,-0.29,0.86,-0.88,0.08,0.90,-0.30,0.00,-0.03,-1.00,0.09,0.78,-0.62,0.00,-1.76,-3.50,-0.55,0.25,-0.29,0.64,3.20,-5.50,-1.20,-0.11,0.22,1.20,0.00,-0.92,-0.00,-0.00,1.18,-1.91,-0.14,0.12,MK-SU1
7.00,5.00,4.00,2.71,1.55,0.93,0.59,0.11,-0.22,-0.75,-1.25,-2.25,-3.80,-9.50,-6.67,-21.00,0.06,-1.12,-0.31,-0.00,0.38,-0.04,-0.31,-0.07,0.21,1.22,-0.19,0.00,0.00,0.00,-0.57,0.29,0.43,-0.29,-0.14,0.87,-0.12,-0.11,0.43,-0.12,0.12,0.02,-0.38,-0.00,0.22,-0.25,0.00,-1.30,-0.75,-0.27,0.25,-0.25,0.36,0.67,-1.88,-0.60,-0.11,0.22,0.64,2.80,-0.19,0.25,-0.12,0.19,-0.73,0.00,0.11,MK-SA3
7.33,4.40,5.50,2.62,1.38,0.88,0.50,0.14,-0.14,-0.67,-0.88,-1.90,-3.67,-7.67,-5.50,-12.00,0.05,-1.20,-0.31,-0.00,0.25,0.03,-0.31,-0.06,0.25,1.09,-0.16,0.00,0.00,17.00,-0.59,0.25,0.22,-0.25,-0.11,0.78,-0.36,-0.00,0.56,-0.11,0.00,-0.01,-0.50,-0.00,0.44,-0.33,0.00,-1.18,-0.42,-0.23,0.33,-0.22,0.23,0.60,-1.56,-0.50,0.00,0.10,0.54,1.86,-0.10,0.22,-0.11,0.11,-0.56,0.00,0.20,MK-SA2
6.67,5.00,5.00,2.71,1.33,1.07,0.65,0.16,-0.26,-0.75,-1.08,-1.89,-3.80,-6.67,-6.67,-22.00,0.07,-1.50,-0.38,-0.00,0.36,-0.04,-0.29,-0.06,0.29,1.50,-0.17,0.00,0.00,0.00,-0.67,0.12,0.25,-0.25,-0.14,0.86,-0.33,-0.00,0.62,0.00,0.00,-0.00,-0.62,-0.11,0.44,-0.25,0.00,-1.29,-0.50,-0.20,0.33,-0.38,0.18,0.36,-1.00,-0.60,0.00,0.11,0.50,1.50,-0.00,0.11,-0.12,-0.06,-0.31,-0.12,0.10,MK-SA1
10.50,4.40,4.20,3.00,1.50,0.89,0.57,0.14,-0.23,-0.72,-1.00,-2.00,-4.20,-5.25,-7.33,0.00,0.09,-1.10,-0.31,-0.00,0.38,-0.00,-0.44,-0.12,0.25,1.09,-0.21,0.00,0.00,16.00,-0.69,0.12,0.25,-0.12,-0.22,0.76,-0.60,-0.00,1.00,-0.18,0.09,-0.01,-1.11,-0.08,0.60,-0.75,0.00,-1.22,-0.50,-0.33,0.22,-0.29,0.25,0.50,-1.00,-0.36,-0.12,0.11,0.33,1.67,-0.06,0.11,-0.12,-0.00,-0.18,0.00,0.00,MK-NE3
10.00,6.33,3.80,2.71,1.70,1.07,0.56,0.15,-0.21,-0.75,-1.15,-2.12,-5.00,-6.33,-5.00,0.00,0.11,-1.25,-0.29,-0.00,0.36,0.04,-0.46,-0.07,0.21,1.22,-0.22,0.00,0.00,14.00,-0.71,0.33,0.29,-0.29,-0.12,0.82,-0.62,-0.00,1.00,-0.33,0.09,-0.02,-1.12,-0.00,0.75,-0.71,0.00,-1.26,-0.60,-0.44,0.25,-0.14,0.30,0.60,-1.00,-0.40,-0.14,0.11,0.44,1.80,-0.07,-0.00,-0.00,0.07,-0.14,0.00,0.00,MK-NE2
9.50,4.75,5.00,3.17,1.45,1.07,0.56,0.15,-0.22,-0.75,-1.00,-2.12,-5.00,-4.75,-6.67,-20.00,0.10,-1.38,-0.36,0.07,0.36,-0.00,-0.50,-0.07,0.29,1.38,-0.22,0.00,0.00,0.00,-0.79,0.14,0.29,-0.14,-0.12,0.82,-0.62,-0.00,1.12,-0.22,0.09,-0.02,-1.12,-0.00,0.75,-0.71,0.00,-1.30,-0.78,-0.40,0.29,-0.29,0.40,0.60,-1.11,-0.40,0.00,0.12,0.33,1.50,-0.13,-0.00,-0.00,0.06,-0.12,-0.17,0.14,MK-NE1
9.50,6.67,4.00,2.38,1.42,1.07,0.71,0.21,-0.33,-0.88,-1.15,-1.70,-3.00,-6.67,-10.00,0.00,0.10,-1.22,-0.29,-0.00,0.46,0.03,-0.43,-0.07,0.29,1.22,-0.20,0.00,0.00,0.00,-0.29,0.22,0.50,-0.38,-0.25,0.80,-0.67,0.10,1.12,-0.11,0.09,-0.00,-1.00,-0.00,0.75,-0.57,-0.09,-0.97,-0.23,-0.00,0.11,-0.10,-0.00,0.15,-1.55,-0.67,-0.18,0.10,0.69,2.14,0.10,0.11,-0.10,-0.14,-0.75,-0.20,0.20,MK-HA3
0.00,5.25,5.25,2.71,1.42,1.00,0.68,0.14,-0.19,-0.72,-1.00,-1.64,-3.17,-7.00,-7.00,-21.00,0.09,-1.20,-0.29,0.07,0.43,0.06,-0.40,-0.12,0.33,1.20,-0.17,0.00,0.00,-16.00,-0.38,0.25,0.33,-0.22,-0.22,0.76,-0.67,0.09,0.90,-0.10,0.00,-0.00,-1.00,-0.09,0.67,-0.62,0.00,-0.91,-0.08,-0.07,0.30,-0.33,0.08,-0.00,-1.08,-0.54,-0.10,0.10,0.46,1.33,0.18,0.20,-0.22,-0.23,-0.38,-0.10,0.10,MK-HA2
10.00,6.67,5.25,2.50,1.38,0.94,0.68,0.16,-0.25,-0.72,-1.00,-1.50,-2.86,-10.00,-6.67,0.00,0.10,-1.33,-0.33,-0.00,0.43,0.03,-0.33,-0.06,0.33,1.62,-0.14,0.00,0.00,-16.00,-0.35,0.22,0.33,-0.33,-0.11,0.75,-0.67,0.08,1.00,-0.10,0.08,0.01,-0.90,-0.09,0.78,-0.38,-0.08,-0.86,-0.13,-0.00,0.18,-0.18,-0.00,0.21,-1.38,-0.60,-0.17,0.17,0.67,1.78,0.12,0.09,-0.09,-0.12,-0.67,-0.18,0.18,MK-HA1
11.00,4.20,3.67,2.33,1.46,0.82,0.50,0.09,-0.22,-0.57,-0.94,-1.82,-4.40,-24.00,-23.00,0.00,0.07,-2.00,-0.57,-0.12,0.27,-0.09,-0.41,-0.00,0.41,1.27,-0.19,19.00,0.00,18.00,-0.93,0.25,0.25,-0.33,-0.22,0.75,-0.70,-0.09,0.82,-0.09,0.00,-0.05,-0.90,-0.18,0.55,-0.44,-0.17,-1.31,-0.70,-0.31,0.10,-0.20,0.18,0.29,-1.07,-0.43,-0.09,0.00,0.38,1.44,-0.11,0.10,-0.18,-0.00,-0.32,0.00,0.00,MK-FE3
11.00,4.20,3.50,2.62,1.42,0.94,0.58,0.09,-0.24,-0.63,-1.07,-1.90,-3.50,-10.50,-11.50,0.00,0.06,-2.00,-0.50,-0.06,0.29,-0.03,-0.31,0.06,0.33,1.44,-0.18,0.00,17.00,0.00,-0.73,0.25,0.25,-0.22,-0.25,0.78,-0.78,-0.00,1.00,-0.30,0.08,-0.04,-1.22,-0.08,0.70,-0.75,-0.08,-1.20,-0.64,-0.23,0.20,-0.22,0.14,0.46,-1.36,-0.54,-0.10,0.09,0.38,2.00,-0.10,-0.00,-0.10,0.05,-0.45,-0.10,0.00,MK-FE2
7.33,4.20,4.20,2.50,1.31,0.88,0.55,0.10,-0.30,-0.67,-1.00,-2.11,-4.00,-7.33,-11.00,-22.00,0.08,-1.86,-0.46,-0.07,0.29,-0.00,-0.36,0.07,0.36,1.33,-0.20,0.00,17.00,0.00,-0.86,0.29,0.25,-0.38,-0.12,0.83,-0.78,-0.00,1.00,-0.18,0.00,-0.03,-1.22,-0.09,0.70,-0.62,-0.08,-1.27,-0.60,-0.25,0.10,-0.22,0.23,0.46,-1.18,-0.42,-0.10,0.10,0.33,1.71,-0.11,0.11,-0.11,-0.00,-0.37,-0.11,0.10,MK-FE1
22.00,7.00,5.25,2.50,1.23,0.78,0.47,0.11,-0.22,-1.00,-1.27,-2.12,-3.60,-5.67,-6.00,-18.00,0.13,-1.22,-0.31,0.07,0.33,0.16,-0.45,-0.00,0.33,2.00,-0.11,16.00,16.00,16.00,-0.39,0.29,0.25,-0.25,-0.50,0.87,-0.25,-0.00,0.71,0.00,0.12,0.03,-0.38,-0.00,0.50,-0.14,0.00,-1.21,-0.42,-0.17,0.22,-0.25,0.25,1.00,-2.00,-0.50,-0.12,0.11,0.31,1.25,-0.05,0.11,-0.12,0.11,-0.44,-0.12,0.11,MK-DI3
11.50,7.33,5.50,2.50,1.23,0.76,0.42,0.11,-0.24,-0.86,-1.08,-1.67,-3.60,-6.33,-6.00,-9.50,0.16,-1.33,-0.40,-0.06,0.33,0.10,-0.23,0.13,0.67,2.60,-0.05,0.00,17.00,0.00,-0.39,0.25,0.22,-0.29,-0.43,0.88,-0.56,0.10,1.00,-0.11,0.10,0.05,-0.88,0.11,0.86,-0.14,0.00,-1.24,-0.46,-0.31,0.25,-0.25,0.38,1.20,-1.40,-0.57,-0.11,0.00,0.25,1.00,-0.15,0.11,-0.12,0.22,-0.33,-0.12,0.00,MK-DI2
22.00,10.50,10.50,2.50,1.64,0.93,0.53,0.10,-0.16,-0.79,-1.18,-2.00,-3.00,-4.75,-4.75,-9.50,0.14,-1.00,-0.12,0.13,0.43,0.13,-0.31,-0.14,0.31,1.38,-0.12,-16.00,0.00,15.00,-0.47,0.29,0.25,-0.29,-0.29,0.89,-0.44,0.10,1.00,-0.25,0.10,0.02,-0.75,0.10,0.71,-0.43,0.00,-1.22,-0.64,-0.33,0.25,-0.25,0.44,1.60,-1.40,-0.38,-0.11,0.00,0.27,1.50,-0.18,0.11,-0.12,0.30,-0.10,0.00,0.00,MK-DI1
12.00,5.75,4.60,2.10,1.36,0.94,0.67,0.19,-0.26,-0.88,-1.06,-1.82,-3.14,-4.40,-5.50,0.00,-0.02,-0.83,-0.12,0.19,0.41,-0.00,-0.35,-0.29,0.06,0.92,-0.21,-18.00,17.00,0.00,-0.38,0.25,0.38,-0.22,-0.25,0.81,-0.50,0.08,0.80,-0.18,0.08,-0.00,-1.00,-0.08,0.56,-0.75,-0.08,-1.17,-0.50,-0.23,0.33,-0.25,0.17,0.45,-1.70,-0.73,-0.10,0.10,0.67,3.20,-0.11,0.11,-0.12,0.06,-0.76,-0.11,0.22,MK-AN3
12.00,4.40,3.67,1.82,1.29,0.94,0.67,0.21,-0.32,-0.88,-1.07,-1.67,-3.00,-7.00,-7.33,0.00,-0.02,-0.91,-0.12,0.12,0.38,-0.00,-0.38,-0.25,-0.00,0.69,-0.25,18.00,0.00,17.00,-0.41,0.11,0.38,-0.33,-0.25,0.77,-0.40,-0.00,0.89,-0.09,0.08,-0.00,-1.12,-0.08,0.40,-0.62,-0.08,-1.15,-0.33,-0.17,0.22,-0.33,0.18,0.33,-1.45,-0.64,-0.22,0.10,0.67,2.00,-0.11,0.11,-0.11,0.06,-0.71,-0.22,0.20,MK-AN2
25.00,4.60,4.60,2.44,1.29,0.83,0.72,0.20,-0.35,-0.94,-0.94,-1.64,-2.50,-7.33,-7.67,-24.00,-0.01,-1.09,-0.11,0.18,0.44,-0.00,-0.47,-0.24,0.06,1.00,-0.20,0.00,0.00,0.00,-0.18,0.50,0.30,-0.33,-0.33,0.75,-0.40,-0.00,1.00,-0.10,0.08,-0.00,-0.89,-0.08,0.44,-0.62,-0.08,-1.06,-0.33,-0.08,0.20,-0.33,0.17,0.36,-1.70,-0.82,-0.18,0.20,0.64,2.67,-0.05,0.10,-0.11,-0.00,-0.88,-0.20,0.20,MK-AN1
19.00,11.00,5.00,2.71,1.80,1.23,0.59,0.11,-0.22,-0.56,-0.87,-1.23,-2.86,-5.25,-11.50,0.00,0.19,-1.71,-0.31,0.15,0.55,-0.11,-0.50,-0.23,0.36,1.22,-0.32,0.00,-14.00,0.00,-1.00,0.33,0.29,-0.14,-0.33,0.93,-1.00,-0.00,1.43,-0.38,0.10,-0.05,-1.57,-0.09,1.14,-0.83,-0.10,-1.55,-2.00,-0.70,0.33,-0.25,0.73,1.33,-1.50,-0.60,-0.12,0.12,0.56,7.00,-0.73,-0.00,-0.00,0.60,-0.36,-0.12,0.17,KR-SU3
22.00,7.67,4.60,3.00,1.73,1.00,0.57,0.13,-0.13,-0.50,-0.89,-1.46,-2.88,-6.00,-12.00,24.00,0.16,-1.20,-0.33,0.12,0.50,-0.04,-0.53,-0.18,0.24,1.18,-0.28,0.00,0.00,-15.00,-0.93,0.43,0.25,-0.22,-0.29,0.85,-1.00,0.08,1.22,-0.30,0.08,-0.04,-1.33,-0.08,0.90,-0.56,-0.08,-1.48,-2.14,-0.67,0.29,-0.25,0.64,1.40,-1.78,-0.58,0.00,0.11,0.55,5.33,-0.67,-0.00,-0.00,0.59,-0.41,0.00,0.00,KR-SU2
0.00,10.00,5.00,2.71,1.89,1.00,0.56,0.11,-0.16,-0.59,-0.87,-1.55,-2.71,-4.20,-21.00,0.00,0.18,-1.50,-0.31,0.15,0.50,-0.12,-0.50,-0.14,0.29,1.22,-0.28,0.00,0.00,-14.00,-0.85,0.43,0.29,-0.29,-0.33,0.91,-1.00,0.10,1.12,-0.25,0.00,-0.05,-1.43,-0.00,0.88,-0.67,-0.09,-1.58,-2.00,-0.70,0.43,-0.25,0.64,1.50,-1.38,-0.60,-0.11,0.12,0.67,6.00,-0.67,-0.00,-0.00,0.64,-0.21,-0.12,0.00,KR-SU1
21.00,10.50,5.00,2.86,1.21,0.78,0.63,0.18,-0.14,-0.65,-0.82,-1.21,-2.22,-5.25,-22.00,0.00,0.15,-1.20,-0.27,0.19,0.57,-0.08,-0.50,-0.19,0.29,1.18,-0.23,0.00,-16.00,0.00,-0.56,0.38,0.38,-0.30,-0.25,0.84,-0.78,0.09,1.11,-0.10,0.09,-0.01,-1.25,-0.00,0.67,-0.50,-0.09,-1.15,-0.50,-0.33,0.33,-0.20,0.29,0.46,-0.92,-0.50,0.00,0.10,0.42,1.71,-0.05,0.10,-0.11,0.10,-0.25,0.00,0.10,KR-SA3
21.00,7.33,5.75,2.62,1.50,0.78,0.48,0.09,-0.13,-0.55,-0.83,-1.38,-3.14,-5.50,-23.00,22.00,0.15,-1.33,-0.31,0.06,0.27,-0.04,-0.40,-0.12,0.29,1.09,-0.22,0.00,0.00,0.00,-0.87,0.29,0.22,-0.22,-0.25,0.83,-0.78,-0.00,0.90,-0.18,0.00,-0.04,-1.11,-0.08,0.80,-0.44,-0.08,-1.46,-1.56,-0.73,0.33,-0.33,0.62,1.18,-0.90,-0.33,-0.10,0.10,0.36,3.00,-0.53,-0.00,-0.00,0.41,0.12,-0.11,0.11,KR-SA2
20.00,10.00,5.00,2.71,1.33,0.87,0.50,0.05,-0.17,-0.59,-0.93,-1.45,-2.57,-5.00,-21.00,0.00,0.17,-1.22,-0.31,-0.00,0.38,-0.04,-0.43,-0.07,0.36,1.38,-0.23,0.00,0.00,0.00,-0.79,0.29,0.43,-0.29,-0.43,0.90,-0.75,-0.00,1.12,-0.11,0.00,-0.03,-1.12,-0.00,0.75,-0.57,0.00,-1.54,-1.50,-0.60,0.29,-0.25,0.64,1.22,-1.00,-0.40,0.00,0.00,0.44,1.80,-0.40,-0.00,-0.00,0.43,0.07,-0.12,0.14,KR-SA1
11.00,11.50,5.50,2.62,1.38,0.70,0.45,0.13,-0.18,-0.55,-0.94,-1.50,-3.83,-7.33,-11.50,22.00,0.14,-1.40,-0.25,0.19,0.40,-0.07,-0.47,-0.19,0.25,1.09,-0.28,0.00,16.00,0.00,-0.87,0.25,0.38,-0.38,-0.25,0.79,-1.00,0.08,1.10,-0.20,0.00,-0.04,-1.50,-0.08,0.73,-0.67,-0.08,-1.38,-1.00,-0.64,0.22,-0.22,0.58,0.92,-0.82,-0.45,0.00,0.00,0.33,2.00,-0.35,-0.00,-0.00,0.35,0.06,-0.11,0.11,KR-NE3
22.00,11.50,5.25,3.00,1.21,0.74,0.36,0.09,-0.14,-0.43,-0.94,-1.42,-3.14,-7.67,-22.00,23.00,0.16,-1.56,-0.25,0.13,0.50,-0.07,-0.53,-0.19,0.25,1.18,-0.27,16.00,15.00,0.00,-0.93,0.29,0.25,-0.25,-0.25,0.80,-1.00,-0.00,1.00,-0.30,0.08,-0.06,-1.11,-0.08,0.80,-0.56,0.00,-1.40,-1.09,-0.55,0.25,-0.33,0.67,0.92,-0.82,-0.36,-0.11,0.11,0.25,2.20,-0.29,-0.00,-0.00,0.33,0.06,0.00,0.00,KR-NE2
11.00,11.00,4.40,2.50,1.14,0.63,0.38,0.09,-0.18,-0.45,-0.82,-1.64,-3.50,-7.33,-11.00,22.00,0.15,-1.56,-0.35,0.19,0.47,-0.07,-0.60,-0.18,0.29,1.30,-0.27,0.00,0.00,14.00,-0.88,0.38,0.25,-0.22,-0.25,0.78,-0.89,0.09,1.00,-0.20,0.08,-0.04,-1.22,-0.08,0.80,-0.56,-0.08,-1.40,-1.33,-0.58,0.33,-0.38,0.54,0.85,-0.82,-0.33,-0.10,0.11,0.27,1.67,-0.38,-0.00,-0.00,0.26,-0.06,0.00,0.00,KR-NE1
22.00,11.00,5.50,2.50,1.31,0.83,0.60,0.14,-0.20,-0.55,-0.88,-1.21,-2.33,-5.50,-23.00,0.00,0.16,-1.30,-0.25,0.19,0.50,-0.07,-0.47,-0.19,0.31,1.30,-0.23,0.00,0.00,0.00,-0.59,0.25,0.33,-0.22,-0.33,0.83,-0.67,0.09,1.11,-0.10,0.18,-0.00,-1.11,-0.09,0.70,-0.44,-0.09,-1.17,-0.75,-0.31,0.20,-0.20,0.29,0.62,-1.33,-0.62,-0.18,0.09,0.54,2.43,-0.15,0.10,-0.10,0.14,-0.52,-0.10,0.10,KR-HA2
21.00,11.00,7.33,2.50,1.23,0.68,0.43,0.09,-0.19,-0.50,-0.88,-1.50,-2.86,-7.00,-22.00,0.00,0.15,-1.30,-0.27,0.19,0.50,-0.11,-0.47,-0.20,0.31,1.09,-0.25,0.00,0.00,0.00,-0.59,0.38,0.22,-0.22,-0.38,0.81,-0.78,0.09,1.11,-0.10,0.09,-0.01,-1.11,-0.09,0.70,-0.50,-0.08,-1.18,-0.58,-0.23,0.22,-0.20,0.31,0.46,-0.92,-0.50,-0.10,0.10,0.38,1.38,-0.00,-0.00,-0.00,-0.00,-0.15,-0.10,0.11,KR-HA1
0.00,11.00,7.00,2.86,1.50,1.07,0.55,0.10,-0.20,-0.50,-0.82,-1.33,-2.62,-5.50,-23.00,0.00,0.18,-1.00,-0.21,0.15,0.46,-0.05,-0.50,-0.23,0.20,0.82,-0.31,-15.00,0.00,0.00,-0.85,0.43,0.29,-0.29,-0.29,0.90,-0.88,0.09,1.29,-0.25,0.10,-0.03,-1.29,-0.10,0.78,-0.71,0.00,-1.55,-2.00,-0.64,0.29,-0.25,0.67,1.62,-1.50,-0.60,-0.10,0.12,0.50,6.50,-0.69,-0.00,-0.00,0.60,-0.21,-0.11,0.00,KR-FE3
22.00,7.67,5.50,3.14,1.50,0.94,0.52,0.17,-0.17,-0.50,-0.83,-1.21,-2.75,-5.75,0.00,0.00,0.17,-1.00,-0.25,0.20,0.47,-0.04,-0.47,-0.19,0.18,1.00,-0.24,0.00,0.00,0.00,-0.86,0.29,0.38,-0.38,-0.25,0.86,-0.89,0.09,1.22,-0.20,0.09,-0.03,-1.43,-0.08,0.89,-0.62,-0.08,-1.44,-1.75,-0.58,0.25,-0.22,0.62,1.40,-1.33,-0.50,0.00,0.10,0.45,4.67,-0.47,-0.00,-0.00,0.47,-0.25,0.00,0.00,KR-FE2
11.00,8.00,5.75,2.75,1.58,1.06,0.48,0.12,-0.18,-0.45,-0.83,-1.38,-2.75,-5.75,-12.00,0.00,0.16,-1.00,-0.19,0.19,0.50,-0.04,-0.47,-0.25,0.24,1.00,-0.26,0.00,0.00,-16.00,-0.86,0.29,0.38,-0.25,-0.38,0.84,-0.89,0.08,1.11,-0.18,0.00,-0.03,-1.25,-0.08,0.80,-0.50,-0.08,-1.43,-1.44,-0.67,0.25,-0.22,0.67,1.40,-1.44,-0.42,-0.11,0.10,0.45,4.67,-0.53,-0.00,-0.00,0.56,-0.19,0.00,0.00,KR-FE1
10.00,7.33,7.00,2.38,1.55,1.07,0.59,0.10,-0.16,-0.56,-0.87,-1.33,-2.38,-5.25,-22.00,0.00,0.16,-1.25,-0.21,0.14,0.54,-0.05,-0.50,-0.29,0.20,1.00,-0.27,0.00,0.00,0.00,-0.77,0.33,0.25,-0.14,-0.43,0.93,-0.75,0.10,1.29,-0.11,0.00,-0.03,-1.29,-0.10,0.78,-0.50,-0.10,-1.54,-1.38,-0.78,0.38,-0.43,0.55,1.22,-1.12,-0.40,-0.12,0.12,0.40,3.00,-0.38,-0.00,-0.00,0.36,0.07,-0.14,0.12,KR-DI3
20.00,6.67,6.67,2.86,1.55,1.07,0.61,0.11,-0.16,-0.56,-0.87,-1.23,-2.71,-7.00,-11.00,0.00,0.17,-1.00,-0.14,0.23,0.50,-0.05,-0.46,-0.23,0.21,0.80,-0.28,0.00,0.00,0.00,-0.71,0.29,0.29,-0.25,-0.33,0.95,-0.75,0.11,1.14,-0.25,0.10,-0.02,-1.12,-0.00,0.67,-0.57,0.00,-1.54,-1.57,-0.60,0.29,-0.25,0.60,1.22,-1.00,-0.44,-0.11,0.12,0.33,2.25,-0.46,-0.00,-0.00,0.38,0.00,-0.12,0.14,KR-DI2
21.00,7.00,5.25,2.86,1.80,1.00,0.71,0.15,-0.10,-0.53,-1.00,-1.64,-2.62,-5.25,-23.00,0.00,0.14,-1.11,-0.21,0.23,0.46,-0.05,-0.54,-0.21,0.21,1.00,-0.27,15.00,-15.00,0.00,-0.83,0.50,0.29,-0.29,-0.29,0.93,-0.75,0.10,1.12,-0.22,0.10,-0.02,-1.29,-0.09,0.75,-0.71,0.00,-1.51,-1.71,-0.60,0.25,-0.29,0.55,1.33,-1.38,-0.50,0.00,0.12,0.56,3.33,-0.58,-0.00,0.12,0.43,-0.21,0.00,0.12,KR-DI1
23.00,8.00,6.00,2.62,1.29,1.00,0.52,0.09,-0.18,-0.57,-0.82,-1.14,-3.14,-8.00,-11.50,0.00,0.14,-1.10,-0.19,0.25,0.47,-0.00,-0.47,-0.25,0.18,1.00,-0.25,-17.00,0.00,0.00,-0.69,0.38,0.22,-0.25,-0.38,0.89,-0.78,0.08,1.22,-0.18,0.18,-0.00,-1.22,-0.08,0.80,-0.56,-0.08,-1.33,-1.10,-0.55,0.22,-0.22,0.55,0.92,-0.64,-0.40,0.00,0.00,0.27,1.60,-0.31,-0.00,-0.00,0.24,0.19,-0.11,0.00,KR-AN3
0.00,7.00,5.25,2.71,1.45,1.07,0.53,0.11,-0.16,-0.59,-0.93,-1.60,-2.71,-5.25,-21.00,0.00,0.17,-1.11,-0.14,0.23,0.50,-0.04,-0.46,-0.23,0.21,1.00,-0.28,0.00,0.00,0.00,-0.64,0.29,0.29,-0.29,-0.29,0.93,-0.75,0.10,1.12,-0.11,0.00,-0.02,-1.25,-0.00,0.75,-0.83,-0.09,-1.42,-1.22,-0.50,0.33,-0.25,0.70,1.11,-1.00,-0.30,-0.12,0.12,0.44,2.00,-0.29,-0.00,-0.00,0.29,0.07,0.00,0.00,KR-AN2
21.00,7.00,5.25,2.71,1.45,1.07,0.50,0.05,-0.17,-0.53,-1.00,-1.50,-2.71,-5.25,-21.00,0.00,0.16,-1.22,-0.14,0.21,0.58,-0.05,-0.54,-0.21,0.21,1.22,-0.28,15.00,-15.00,14.00,-0.67,0.29,0.29,-0.25,-0.33,0.97,-0.86,0.09,1.43,-0.22,0.10,-0.02,-1.43,-0.10,0.88,-0.83,-0.10,-1.44,-1.38,-0.50,0.33,-0.25,0.70,1.00,-1.00,-0.33,-0.11,0.12,0.50,2.00,-0.31,-0.00,-0.00,0.38,0.08,0.00,0.14,KR-AN1
0.00,6.00,3.67,2.22,1.82,1.23,0.59,0.17,-0.25,-0.93,-1.55,-2.38,-2.38,-3.00,-5.25,0.00,0.23,-2.00,-0.67,-0.07,0.54,-0.00,-0.54,0.14,0.67,2.33,-0.16,0.00,0.00,0.00,-1.19,0.12,-0.00,-0.00,-0.00,0.80,-1.00,0.09,1.57,-0.25,0.08,-0.02,-1.38,0.09,1.00,-0.71,0.00,-1.61,-3.80,-0.75,0.29,-0.29,0.91,6.67,-5.25,-0.90,-0.25,0.12,0.91,0.00,-1.15,-0.17,0.14,1.55,-1.60,-0.12,0.14,KM-SU3
22.00,4.80,3.67,2.22,1.90,1.31,0.65,0.24,-0.25,-0.86,-1.70,-2.00,-2.50,-3.50,-5.75,0.00,0.20,-3.00,-0.69,-0.06,0.43,-0.00,-0.46,-0.00,0.67,2.50,-0.21,0.00,0.00,0.00,-1.36,-0.00,-0.00,-0.00,-0.00,0.79,-1.12,0.09,1.50,-0.22,0.08,-0.02,-1.50,-0.00,1.12,-0.71,0.00,-1.69,-4.00,-0.82,0.33,-0.14,0.83,4.75,-5.25,-0.82,-0.11,0.14,1.00,0.00,-1.25,-0.17,0.14,1.33,-1.42,-0.14,0.14,KM-SU2
0.00,5.75,3.14,2.50,1.73,1.23,0.62,0.24,-0.25,-0.79,-1.70,-2.00,-2.50,-3.33,-4.60,0.00,0.22,-1.86,-0.67,-0.07,0.38,0.03,-0.46,-0.00,0.75,2.33,-0.19,0.00,0.00,0.00,-1.13,0.14,0.14,-0.00,-0.14,0.84,-1.00,0.08,1.71,-0.22,0.09,-0.00,-1.50,-0.00,1.29,-0.71,0.00,-1.62,-4.75,-0.73,0.29,-0.14,0.82,4.75,-4.75,-0.90,-0.12,0.12,1.10,0.00,-1.27,-0.00,-0.00,1.33,-1.36,-0.29,0.29,KM-SU1
12.00,4.60,4.40,2.00,1.50,0.88,0.56,0.14,-0.10,-0.61,-0.94,-1.58,-3.14,-4.60,-6.25,-25.00,0.04,-1.33,-0.47,-0.12,0.25,-0.03,-0.25,0.06,0.31,1.00,-0.19,0.00,0.00,0.00,-0.72,0.11,0.10,-0.20,-0.10,0.72,-0.40,-0.00,0.70,0.00,0.00,-0.03,-0.70,-0.00,0.36,-0.40,0.00,-1.37,-1.00,-0.45,0.25,-0.29,0.45,0.80,-1.00,-0.40,-0.11,0.12,0.30,2.00,-0.13,-0.00,-0.12,0.13,0.00,-0.12,0.12,KM-SA5
21.00,5.25,4.75,2.57,1.70,1.08,0.67,0.17,-0.17,-0.57,-1.08,-1.60,-2.25,-3.80,-5.25,-10.50,0.12,-1.22,-0.38,-0.00,0.31,0.04,-0.29,0.07,0.50,1.38,-0.13,-14.00,-14.00,0.00,-0.62,0.12,0.12,-0.12,-0.12,0.85,-0.33,0.11,0.75,-0.12,0.10,0.02,-0.62,-0.00,0.50,-0.38,0.00,-1.33,-0.88,-0.50,0.29,-0.29,0.56,1.14,-0.71,-0.33,0.00,0.00,0.43,2.00,-0.08,0.14,-0.14,0.25,0.17,-0.14,0.14,KM-SA3
22.00,5.25,4.75,2.71,1.70,1.17,0.60,0.24,-0.18,-0.53,-1.00,-1.60,-2.71,-4.00,-4.40,-10.50,0.10,-1.50,-0.38,-0.07,0.31,0.04,-0.29,0.07,0.43,1.38,-0.14,-13.00,0.00,0.00,-0.62,0.25,0.14,-0.12,-0.12,0.85,-0.22,-0.00,0.86,-0.12,0.11,-0.00,-0.56,0.12,0.33,-0.38,0.00,-1.42,-1.00,-0.56,0.33,-0.33,0.62,1.29,-0.86,-0.38,-0.14,0.17,0.38,3.00,-0.08,-0.00,-0.00,0.18,0.09,-0.17,0.17,KM-SA2
22.00,7.00,5.00,2.71,1.60,1.08,0.67,0.22,-0.17,-0.53,-1.08,-1.60,-2.71,-4.00,-5.50,-10.50,0.12,-1.57,-0.38,-0.07,0.38,0.07,-0.38,0.07,0.38,1.38,-0.16,-13.00,0.00,0.00,-0.69,0.25,0.14,-0.12,-0.12,0.85,-0.33,-0.00,1.00,-0.25,0.10,-0.00,-0.75,-0.00,0.50,-0.50,0.00,-1.39,-1.14,-0.33,0.33,-0.29,0.56,1.00,-0.75,-0.33,-0.14,0.14,0.50,2.67,-0.08,0.17,-0.14,0.15,0.08,0.00,0.17,KM-SA1
21.00,7.00,5.00,2.57,1.45,1.00,0.56,0.18,-0.12,-0.60,-1.00,-1.60,-2.57,-3.80,-5.25,-10.00,0.15,-1.71,-0.46,-0.00,0.50,0.07,-0.46,-0.00,0.54,1.71,-0.19,-13.00,0.00,-13.00,-0.86,0.29,0.14,-0.12,-0.14,0.87,-0.56,0.10,1.12,-0.11,0.10,0.02,-0.89,-0.00,0.62,-0.71,0.00,-1.32,-0.78,-0.44,0.33,-0.29,0.50,0.88,-0.88,-0.44,-0.12,0.17,0.44,2.25,-0.00,-0.00,-0.00,-0.00,0.00,-0.17,0.00,KM-NE3
0.00,5.75,4.40,2.62,1.38,0.94,0.53,0.20,-0.15,-0.59,-0.93,-1.64,-2.50,-4.40,-4.60,-24.00,0.11,-1.44,-0.40,-0.00,0.47,0.03,-0.47,-0.00,0.47,1.56,-0.17,-15.00,0.00,-15.00,-0.81,0.12,0.11,-0.12,-0.10,0.81,-0.50,0.09,1.11,-0.10,0.08,-0.00,-1.00,-0.00,0.50,-0.67,0.00,-1.27,-0.60,-0.45,0.29,-0.29,0.45,0.73,-0.80,-0.36,-0.14,0.12,0.36,1.67,-0.00,-0.00,-0.00,-0.00,0.00,-0.14,0.12,KM-NE2
0.00,5.00,5.00,3.17,1.45,1.00,0.62,0.17,-0.12,-0.71,-1.08,-1.50,-3.00,-4.00,-5.00,-21.00,0.14,-1.50,-0.42,-0.00,0.46,0.03,-0.46,-0.07,0.54,1.71,-0.21,-14.00,0.00,0.00,-0.80,0.29,0.14,-0.14,-0.12,0.88,-0.62,0.10,1.29,-0.12,0.10,0.02,-0.89,-0.10,0.86,-0.57,-0.10,-1.35,-0.78,-0.44,0.33,-0.33,0.50,0.88,-1.00,-0.44,0.00,0.00,0.56,1.80,-0.00,-0.00,-0.00,0.07,0.00,0.00,0.00,KM-NE1
0.00,20.00,4.75,2.25,1.31,1.07,0.71,0.21,-0.21,-0.75,-1.07,-1.42,-2.57,-5.00,-20.00,0.00,0.09,-1.71,-0.46,-0.00,0.45,-0.07,-0.38,0.07,0.43,1.50,-0.09,0.00,-14.00,0.00,-0.47,0.25,0.33,-0.30,-0.25,0.73,-0.44,-0.00,0.75,0.25,0.00,0.02,-0.67,-0.00,0.33,-0.12,0.00,-1.03,-0.42,-0.08,0.10,-0.09,0.07,0.38,-1.83,-0.71,-0.09,0.09,0.79,2.50,-0.00,0.11,-0.09,-0.00,-0.79,-0.18,0.20,KM-HA4
-20.00,6.67,6.67,2.57,1.33,1.00,0.69,0.16,-0.18,-0.69,-1.00,-1.45,-2.57,-4.75,-10.50,0.00,0.13,-1.57,-0.50,-0.07,0.55,-0.03,-0.42,-0.00,0.58,1.57,-0.23,-14.00,0.00,0.00,-0.62,0.25,0.12,-0.25,-0.00,0.84,-0.56,0.11,1.00,-0.12,0.10,0.02,-1.00,-0.10,0.62,-0.57,-0.10,-1.06,-0.25,-0.25,0.25,-0.25,0.23,0.36,-1.50,-0.67,-0.10,0.12,0.58,2.14,0.05,-0.00,-0.12,-0.05,-0.58,-0.11,0.12,KM-HA3
0.00,10.50,5.50,2.50,1.21,0.94,0.65,0.17,-0.18,-0.63,-0.94,-1.38,-2.22,-7.33,-7.33,0.00,0.11,-1.33,-0.43,-0.00,0.43,-0.03,-0.40,-0.00,0.57,1.20,-0.16,0.00,-15.00,0.00,-0.61,0.11,0.20,-0.22,-0.10,0.73,-0.45,0.10,0.89,0.00,0.09,0.01,-0.89,-0.00,0.40,-0.30,-0.10,-0.97,-0.36,-0.20,0.20,-0.20,0.19,0.27,-1.43,-0.60,0.00,0.09,0.53,2.00,-0.00,0.10,-0.10,-0.04,-0.60,-0.10,0.10,KM-HA2
21.00,10.50,7.33,2.11,1.31,0.94,0.74,0.22,-0.14,-0.68,-0.94,-1.31,-2.22,-4.20,-7.00,-23.00,0.12,-1.20,-0.40,-0.00,0.43,-0.03,-0.33,0.06,0.44,1.44,-0.11,-17.00,0.00,-16.00,-0.42,0.22,0.20,-0.20,-0.10,0.76,-0.36,-0.00,0.89,0.10,0.10,0.04,-0.78,-0.10,0.50,-0.22,0.00,-0.94,-0.21,-0.13,0.20,-0.09,0.13,0.29,-1.62,-0.60,0.00,0.09,0.67,1.90,0.04,0.20,-0.09,-0.04,-0.67,-0.09,0.27,KM-HA1
0.00,5.00,3.80,3.00,1.60,1.08,0.62,0.16,-0.11,-0.56,-1.08,-1.80,-3.80,-5.00,-7.33,-21.00,0.11,-1.86,-0.42,-0.08,0.31,-0.04,-0.29,0.07,0.36,1.22,-0.19,0.00,-14.00,0.00,-0.71,0.29,0.12,-0.12,-0.11,0.76,-0.62,-0.00,1.00,-0.25,0.10,-0.03,-0.88,-0.10,0.67,-0.50,0.00,-1.37,-1.71,-0.56,0.25,-0.12,0.54,1.86,-1.57,-0.36,-0.11,0.25,0.60,6.50,-0.33,-0.00,-0.00,0.47,-0.20,0.00,0.12,KM-FE3
0.00,5.00,3.60,3.17,1.45,1.08,0.62,0.21,-0.11,-0.56,-1.25,-1.89,-3.80,-5.00,-5.25,0.00,0.11,-1.57,-0.50,-0.00,0.33,-0.00,-0.29,-0.00,0.36,1.11,-0.19,0.00,-13.00,0.00,-0.79,0.14,0.12,-0.14,-0.00,0.80,-0.62,-0.00,1.00,-0.11,0.00,-0.02,-1.00,-0.00,0.62,-0.57,-0.10,-1.29,-1.25,-0.50,0.25,-0.12,0.46,1.50,-1.62,-0.45,0.00,0.25,0.70,3.25,-0.29,0.14,-0.00,0.38,-0.33,0.12,0.12,KM-FE2
21.00,5.00,3.80,3.00,1.60,1.08,0.60,0.17,-0.11,-0.60,-1.08,-1.60,-3.17,-5.00,-5.50,-10.50,0.12,-2.00,-0.50,-0.00,0.33,-0.00,-0.36,-0.00,0.43,1.50,-0.19,-14.00,0.00,0.00,-0.67,0.25,0.14,-0.12,-0.12,0.80,-0.62,-0.00,1.00,-0.12,0.00,-0.02,-1.00,-0.00,0.62,-0.50,0.00,-1.32,-1.38,-0.50,0.29,-0.25,0.64,1.11,-1.62,-0.45,0.00,0.12,0.50,4.67,-0.23,-0.00,-0.00,0.31,-0.27,0.00,0.12,KM-FE1
0.00,5.50,4.20,3.00,1.80,1.00,0.56,0.18,-0.18,-0.53,-0.93,-1.46,-2.62,-4.60,-5.00,-13.00,0.04,-1.33,-0.33,-0.00,0.25,-0.14,-0.29,-0.06,0.18,0.85,-0.18,0.00,0.00,0.00,-0.82,0.11,0.12,-0.20,-0.11,0.65,-0.33,-0.20,0.44,-0.22,-0.10,-0.07,-0.56,-0.00,0.20,-0.30,0.00,-1.55,-3.60,-0.82,0.25,-0.25,0.80,2.29,-1.50,-0.44,-0.11,0.00,0.33,14.00,-0.92,-0.00,-0.00,0.82,-0.08,-0.12,0.00,KM-DI3
0.00,5.00,4.75,3.00,2.12,1.27,0.67,0.17,-0.11,-0.44,-1.00,-1.55,-2.50,-5.00,-5.50,-23.00,0.04,-1.71,-0.38,-0.00,0.25,-0.11,-0.33,-0.07,0.27,0.91,-0.17,0.00,-12.00,0.00,-0.92,0.29,-0.00,-0.12,-0.12,0.73,-0.38,-0.11,0.71,-0.14,0.00,-0.07,-0.50,-0.00,0.25,-0.43,0.00,-1.50,-3.00,-0.67,0.29,-0.29,0.78,1.71,-1.11,-0.50,-0.12,0.14,0.50,-13.00,-0.67,-0.00,-0.00,0.73,-0.08,-0.14,0.14,KM-DI1
24.00,6.00,4.40,2.33,1.31,1.00,0.56,0.14,-0.10,-0.56,-1.00,-1.55,-2.50,-4.40,-4.80,-12.50,0.06,-1.09,-0.25,0.06,0.38,-0.00,-0.31,-0.06,0.31,1.20,-0.13,-14.00,0.00,0.00,-0.72,0.11,0.11,-0.11,-0.00,0.77,-0.30,-0.00,0.89,-0.20,0.08,-0.00,-0.70,-0.00,0.40,-0.56,0.00,-1.29,-1.38,-0.55,0.38,-0.25,0.55,1.22,-0.88,-0.40,0.00,0.11,0.30,2.50,-0.29,0.12,-0.11,0.36,0.21,0.00,0.11,KM-AN3
24.00,5.75,4.40,2.50,1.58,1.00,0.61,0.14,-0.10,-0.56,-1.00,-1.50,-2.50,-4.40,-4.60,-12.00,0.08,-1.10,-0.24,0.12,0.40,-0.00,-0.31,-0.06,0.33,1.10,-0.15,-14.00,0.00,0.00,-0.61,0.25,-0.00,-0.00,-0.10,0.77,-0.27,0.09,0.78,-0.10,0.08,0.01,-0.70,0.09,0.30,-0.50,0.00,-1.29,-1.00,-0.60,0.38,-0.29,0.64,1.12,-1.12,-0.30,0.00,0.00,0.40,3.67,-0.21,0.12,-0.14,0.29,0.14,-0.14,0.12,KM-AN2
12.50,6.00,4.60,2.50,1.38,1.00,0.56,0.20,-0.10,-0.59,-0.88,-1.42,-2.22,-4.40,-4.00,-12.50,0.10,-1.20,-0.24,0.12,0.38,-0.00,-0.29,-0.00,0.25,1.09,-0.14,-15.00,0.00,-15.00,-0.76,0.12,0.11,-0.11,-0.00,0.81,-0.40,0.09,0.70,-0.20,0.08,-0.00,-0.78,-0.00,0.50,-0.40,0.00,-1.42,-1.43,-0.78,0.38,-0.29,0.70,1.38,-1.00,-0.33,0.00,0.00,0.44,5.00,-0.31,-0.00,-0.00,0.38,0.23,0.00,0.12,KM-AN1
8.00,6.00,3.83,1.91,1.38,1.00,0.50,0.21,-0.32,-0.81,-1.29,-1.82,-2.33,-4.80,-6.25,0.00,0.10,-1.30,-0.33,0.06,0.47,-0.09,-0.62,-0.13,0.20,1.44,-0.32,15.00,0.00,15.00,-0.81,0.25,0.11,-0.11,-0.25,0.71,-0.78,0.08,0.90,-0.27,0.00,-0.09,-1.00,-0.17,0.60,-0.88,-0.15,-1.60,-1.83,-0.64,0.25,-0.38,0.50,1.71,-3.00,-0.73,-0.11,0.11,0.60,6.33,-0.62,-0.00,-0.12,0.62,-0.85,-0.25,0.11,KL-SU3
24.00,6.00,4.00,2.20,1.36,1.06,0.65,0.20,-0.30,-0.94,-1.36,-1.82,-2.20,-4.40,-8.33,-24.00,0.08,-1.20,-0.12,0.06,0.25,-0.07,-0.40,-0.13,0.12,1.10,-0.26,0.00,0.00,13.00,-0.88,0.22,0.11,-0.25,-0.25,0.71,-0.78,-0.00,1.00,-0.30,0.08,-0.06,-1.22,-0.08,0.70,-0.88,-0.08,-1.61,-2.33,-0.73,0.25,-0.25,0.58,2.33,-3.80,-0.82,-0.11,0.00,0.73,10.50,-0.86,0.14,-0.12,0.86,-1.15,-0.12,0.12,KL-SU2
12.00,6.00,3.83,2.20,1.21,1.00,0.58,0.15,-0.32,-0.88,-1.50,-2.00,-2.44,-4.60,-8.00,0.00,0.07,-1.44,-0.40,0.12,0.50,-0.06,-0.67,-0.25,0.29,1.44,-0.33,0.00,15.00,15.00,-0.76,0.22,0.11,-0.25,-0.25,0.71,-0.60,-0.00,0.82,-0.36,0.08,-0.07,-1.22,-0.08,0.50,-1.00,-0.17,-1.61,-1.83,-0.70,0.22,-0.38,0.60,1.38,-2.33,-0.70,-0.25,0.00,0.50,5.67,-0.54,-0.11,-0.00,0.50,-0.67,-0.25,0.00,KL-SU1
11.50,5.25,5.50,2.22,1.14,0.67,0.45,0.10,-0.15,-0.61,-0.87,-1.31,-2.86,-4.20,-7.00,-11.00,0.08,-1.20,-0.24,-0.00,0.31,-0.08,-0.24,-0.11,0.35,1.20,-0.19,0.00,16.00,0.00,-0.53,0.22,0.20,-0.22,-0.22,0.73,-0.27,-0.00,0.60,-0.09,0.00,-0.03,-0.55,-0.09,0.30,-0.56,-0.08,-1.28,-0.58,-0.27,0.25,-0.38,0.40,0.60,-0.40,-0.20,-0.12,0.11,0.10,0.71,-0.17,0.12,-0.12,0.14,0.14,0.00,0.00,KL-SA3
11.00,7.00,5.00,2.00,1.15,0.65,0.42,0.10,-0.14,-0.59,-0.80,-1.45,-2.50,-6.67,-7.00,-22.00,0.06,-1.20,-0.27,0.06,0.31,-0.08,-0.25,-0.12,0.31,1.33,-0.21,0.00,0.00,0.00,-0.59,0.22,0.11,-0.11,-0.25,0.74,-0.40,0.09,0.70,-0.10,0.08,-0.02,-0.80,-0.00,0.27,-0.50,-0.09,-1.23,-0.55,-0.36,0.33,-0.33,0.30,0.67,-0.44,-0.33,-0.11,0.11,0.18,0.62,-0.11,0.12,-0.22,0.14,0.14,-0.11,0.00,KL-SA2
11.50,7.00,4.40,2.11,1.07,0.65,0.47,0.09,-0.19,-0.65,-0.87,-1.42,-2.50,-5.25,-11.00,0.00,0.05,-1.20,-0.25,0.06,0.31,-0.08,-0.25,-0.12,0.25,1.20,-0.23,0.00,0.00,0.00,-0.50,0.22,0.10,-0.11,-0.22,0.72,-0.36,0.09,0.60,-0.20,0.08,-0.03,-0.78,-0.08,0.30,-0.56,-0.17,-1.22,-0.50,-0.25,0.25,-0.33,0.30,0.60,-0.50,-0.33,-0.11,0.00,0.17,1.00,-0.11,0.12,-0.11,0.14,0.14,-0.11,0.00,KL-SA1
22.00,7.33,5.25,2.62,1.15,0.71,0.50,0.15,-0.15,-0.59,-0.81,-1.33,-2.86,-5.25,-5.00,-11.00,0.10,-0.82,-0.12,0.12,0.31,-0.00,-0.27,-0.12,0.20,0.90,-0.20,0.00,0.00,-14.00,-0.71,0.11,0.12,-0.11,-0.12,0.76,-0.50,0.08,0.80,-0.18,0.00,-0.03,-0.90,-0.00,0.50,-0.67,-0.09,-1.24,-0.55,-0.50,0.25,-0.38,0.45,0.78,-0.56,-0.30,-0.11,0.00,0.27,1.17,-0.18,0.12,-0.12,0.20,0.21,-0.22,0.14,KL-NE3
11.00,7.00,5.25,2.50,1.08,0.67,0.44,0.10,-0.21,-0.59,-0.81,-1.45,-2.71,-7.00,-5.00,-20.00,0.10,-1.30,-0.40,0.06,0.33,-0.00,-0.36,-0.12,0.40,1.20,-0.20,-15.00,0.00,0.00,-0.75,0.25,0.11,-0.12,-0.22,0.72,-0.40,-0.00,0.70,-0.30,0.08,-0.03,-0.89,-0.09,0.50,-0.56,-0.09,-1.25,-0.55,-0.56,0.22,-0.25,0.40,0.64,-0.60,-0.33,0.00,0.00,0.20,1.17,-0.19,0.12,-0.12,0.12,0.13,-0.12,0.00,KL-NE2
23.00,5.25,5.50,2.38,1.23,0.71,0.47,0.15,-0.21,-0.65,-0.81,-1.33,-2.86,-5.00,-7.00,-11.00,0.11,-1.20,-0.40,0.06,0.38,-0.00,-0.43,-0.12,0.40,1.22,-0.24,0.00,-14.00,0.00,-0.71,0.11,0.22,-0.22,-0.25,0.72,-0.60,0.08,0.80,-0.27,0.08,-0.04,-1.00,-0.08,0.50,-0.88,-0.08,-1.26,-0.70,-0.50,0.22,-0.25,0.40,0.80,-0.56,-0.33,-0.11,0.00,0.20,1.14,-0.12,-0.00,-0.12,0.20,0.21,-0.25,0.11,KL-NE1
11.00,10.00,7.00,1.80,0.88,0.55,0.43,0.05,-0.30,-0.72,-0.93,-1.15,-2.71,-10.00,0.00,20.00,0.08,-1.30,-0.31,0.06,0.40,-0.10,-0.31,-0.19,0.31,1.20,-0.24,16.00,15.00,16.00,-0.53,0.11,0.18,-0.33,-0.22,0.66,-0.50,0.09,0.70,-0.10,0.08,-0.03,-0.89,-0.18,0.27,-0.56,-0.18,-1.03,-0.20,-0.13,0.09,-0.27,-0.00,0.14,-0.83,-0.50,-0.18,0.00,0.27,0.82,0.08,0.08,-0.27,-0.20,-0.21,-0.18,0.00,KL-HA3
10.50,6.67,5.25,1.73,0.82,0.60,0.48,0.05,-0.30,-0.76,-0.88,-1.23,-2.86,-10.50,0.00,20.00,0.07,-1.30,-0.31,0.12,0.33,-0.10,-0.31,-0.20,0.25,1.00,-0.28,16.00,15.00,8.00,-0.53,0.22,0.10,-0.33,-0.33,0.65,-0.50,0.09,0.70,-0.09,0.09,-0.04,-0.80,-0.10,0.18,-0.56,-0.18,-1.03,-0.06,-0.13,0.09,-0.30,-0.00,-0.00,-0.92,-0.58,-0.27,0.00,0.31,0.92,0.07,-0.00,-0.18,-0.18,-0.38,-0.20,-0.09,KL-HA2
10.50,7.00,5.00,1.73,0.88,0.63,0.43,0.05,-0.26,-0.81,-0.88,-1.45,-2.86,-10.00,-21.00,21.00,0.03,-1.44,-0.38,0.06,0.40,-0.10,-0.40,-0.18,0.31,1.20,-0.27,16.00,15.00,16.00,-0.50,0.11,0.20,-0.30,-0.38,0.64,-0.60,0.08,0.80,-0.09,0.00,-0.06,-0.90,-0.18,0.40,-0.62,-0.17,-1.04,-0.06,-0.14,0.10,-0.30,-0.00,-0.00,-1.00,-0.58,-0.20,0.00,0.27,1.00,0.08,0.10,-0.30,-0.18,-0.40,-0.20,0.00,KL-HA1
11.50,5.50,4.40,2.62,1.14,0.68,0.38,0.10,-0.20,-0.65,-0.88,-1.55,-2.62,-5.50,-5.75,0.00,0.08,-1.33,-0.35,0.06,0.31,-0.07,-0.25,-0.11,0.31,1.20,-0.24,0.00,16.00,0.00,-0.59,0.22,0.11,-0.22,-0.11,0.71,-0.45,0.08,0.80,-0.18,0.08,-0.04,-0.89,-0.17,0.36,-0.78,-0.17,-1.34,-0.90,-0.45,0.22,-0.33,0.56,0.80,-0.67,-0.33,-0.11,0.00,0.18,1.33,-0.12,-0.00,-0.11,0.14,0.14,-0.12,0.11,KL-FE3
11.50,5.50,4.40,2.00,1.14,0.72,0.47,0.10,-0.21,-0.75,-1.00,-1.42,-2.86,-7.33,-7.33,-22.00,0.06,-1.20,-0.25,0.12,0.40,-0.08,-0.40,-0.12,0.25,1.10,-0.25,0.00,15.00,0.00,-0.59,0.12,0.20,-0.22,-0.25,0.72,-0.40,0.08,0.70,-0.18,0.08,-0.04,-0.70,-0.09,0.30,-0.75,-0.08,-1.28,-0.64,-0.36,0.25,-0.33,0.44,0.60,-0.88,-0.44,-0.11,0.00,0.27,1.14,-0.12,0.11,-0.25,0.14,0.08,-0.11,0.00,KL-FE2
7.67,5.75,4.20,2.22,1.14,0.72,0.53,0.19,-0.25,-0.71,-0.94,-1.42,-2.50,-7.00,-11.50,-22.00,0.06,-1.20,-0.29,-0.00,0.29,-0.04,-0.43,-0.12,0.27,1.10,-0.28,0.00,0.00,16.00,-0.56,0.22,0.10,-0.22,-0.25,0.71,-0.36,-0.00,0.80,-0.30,0.08,-0.06,-0.89,-0.17,0.40,-0.88,-0.08,-1.30,-0.73,-0.36,0.22,-0.38,0.40,0.89,-1.25,-0.30,-0.11,0.00,0.40,2.00,-0.12,0.11,-0.12,0.14,0.00,-0.11,0.00,KL-FE1
7.67,5.50,4.40,2.11,1.13,0.72,0.48,0.09,-0.18,-0.76,-0.94,-1.38,-2.86,-7.33,-7.33,0.00,0.04,-1.00,-0.24,0.11,0.31,-0.17,-0.24,-0.12,0.19,1.00,-0.25,0.00,0.00,0.00,-0.44,0.22,0.20,-0.30,-0.22,0.69,-0.27,0.09,0.50,-0.09,0.00,-0.03,-0.70,-0.10,0.18,-0.56,-0.18,-1.18,-0.82,-0.25,0.20,-0.30,0.17,0.89,-1.25,-0.55,-0.10,0.00,0.42,1.67,-0.17,0.10,-0.20,0.13,-0.29,-0.18,0.10,KL-DI4
7.33,7.00,5.50,2.11,1.14,0.67,0.53,0.10,-0.24,-0.61,-0.88,-1.31,-2.50,-5.25,-11.00,0.00,0.04,-1.00,-0.25,0.06,0.33,-0.17,-0.25,-0.18,0.24,0.91,-0.25,0.00,0.00,0.00,-0.41,0.33,0.20,-0.33,-0.22,0.68,-0.20,-0.00,0.44,-0.11,0.00,-0.03,-0.60,-0.10,0.18,-0.44,-0.09,-1.19,-0.80,-0.27,0.20,-0.30,0.27,0.89,-1.43,-0.45,-0.09,0.00,0.45,1.67,-0.24,-0.00,-0.09,0.21,-0.43,-0.10,0.00,KL-DI3
10.50,7.33,5.00,2.38,1.14,0.76,0.47,0.14,-0.14,-0.65,-0.82,-1.31,-2.38,-5.25,-7.00,-22.00,0.07,-0.91,-0.19,0.12,0.27,-0.08,-0.31,-0.12,0.24,0.91,-0.22,0.00,0.00,0.00,-0.39,0.33,0.22,-0.30,-0.22,0.70,-0.18,-0.00,0.50,-0.10,0.09,-0.01,-0.45,-0.10,0.18,-0.44,-0.09,-1.13,-0.73,-0.27,0.20,-0.30,0.18,1.00,-0.88,-0.40,-0.09,0.00,0.25,1.33,-0.17,-0.00,-0.10,0.14,0.07,-0.20,0.10,KL-DI2
11.00,5.00,5.25,2.11,1.23,0.76,0.53,0.09,-0.15,-0.65,-0.88,-1.42,-2.22,-5.25,-10.50,-11.50,0.05,-0.91,-0.19,0.06,0.40,-0.12,-0.31,-0.12,0.18,1.00,-0.23,0.00,0.00,0.00,-0.44,0.22,0.20,-0.20,-0.33,0.65,-0.18,-0.00,0.40,-0.10,0.00,-0.03,-0.56,-0.00,0.10,-0.44,-0.09,-1.17,-1.00,-0.33,0.20,-0.30,0.27,1.25,-1.57,-0.64,-0.10,0.00,0.46,2.40,-0.29,-0.00,-0.10,0.27,-0.64,-0.09,0.00,KL-DI1
22.00,7.33,7.33,3.00,1.14,0.75,0.53,0.14,-0.15,-0.59,-0.81,-1.23,-2.71,-4.00,-7.00,-10.50,0.11,-0.83,-0.06,0.12,0.40,-0.00,-0.25,-0.12,0.20,1.22,-0.20,-14.00,0.00,-14.00,-0.65,0.25,0.11,-0.12,-0.12,0.78,-0.18,0.10,0.60,-0.09,0.09,0.01,-0.50,-0.00,0.20,-0.50,-0.09,-1.12,-0.67,-0.36,0.22,-0.25,0.45,0.89,-1.00,-0.27,-0.11,0.11,0.33,2.00,-0.17,-0.00,-0.00,0.27,-0.20,-0.12,0.11,KL-AN3
11.00,7.33,5.50,2.11,1.00,0.61,0.45,0.10,-0.20,-0.61,-0.81,-1.55,-2.38,-7.00,-21.00,0.00,0.04,-1.00,-0.19,0.12,0.31,-0.03,-0.33,-0.25,0.19,1.10,-0.25,15.00,14.00,0.00,-0.47,0.10,0.22,-0.20,-0.12,0.69,-0.30,0.09,0.50,-0.18,0.09,-0.03,-0.70,-0.00,0.20,-0.56,-0.09,-1.04,-0.29,-0.17,0.20,-0.22,0.18,0.31,-0.50,-0.27,-0.10,0.10,0.25,0.67,-0.05,0.20,-0.20,0.06,0.00,-0.10,0.10,KL-AN2
23.00,7.33,5.50,1.90,1.07,0.56,0.45,0.05,-0.19,-0.56,-0.82,-1.45,-2.50,-6.67,-21.00,-22.00,0.07,-0.92,-0.19,0.12,0.31,-0.07,-0.27,-0.19,0.19,1.10,-0.24,0.00,0.00,15.00,-0.58,0.11,0.10,-0.11,-0.11,0.70,-0.27,0.09,0.45,-0.18,0.00,-0.03,-0.70,-0.09,0.27,-0.56,-0.17,-1.03,-0.29,-0.23,0.20,-0.20,0.18,0.31,-0.58,-0.36,-0.09,0.00,0.31,0.78,-0.05,0.10,-0.20,0.11,0.00,-0.10,0.10,KL-AN1
0.00,7.33,3.67,2.38,1.50,1.15,0.60,0.25,-0.31,-0.79,-1.45,-2.00,-2.57,-5.00,-5.00,-21.00,0.21,-1.22,-0.31,0.14,0.67,0.04,-0.50,-0.08,0.45,1.12,-0.30,0.00,15.00,0.00,-0.80,0.33,0.25,-0.17,-0.33,1.00,-0.78,0.09,1.50,-0.10,0.09,0.02,-1.22,-0.00,0.88,-0.86,0.00,-1.49,-1.00,-0.40,0.33,-0.14,0.56,1.33,-2.14,-0.89,-0.14,0.29,0.89,7.50,-0.31,0.17,-0.17,0.42,-0.92,0.00,0.14,KA-SU3
12.00,7.67,4.40,2.22,1.50,1.07,0.67,0.20,-0.20,-0.61,-1.21,-1.73,-2.50,-4.40,-5.50,-10.50,0.19,-1.10,-0.33,0.07,0.57,0.06,-0.50,-0.00,0.29,1.00,-0.29,0.00,0.00,17.00,-0.71,0.25,0.38,-0.38,-0.25,0.92,-0.67,0.08,1.10,-0.25,0.08,-0.03,-1.11,-0.08,0.80,-0.67,-0.08,-1.30,-0.36,-0.45,0.38,-0.29,0.50,0.45,-1.10,-0.55,-0.14,0.22,0.55,2.75,0.06,0.12,-0.00,-0.00,-0.13,0.00,0.12,KA-SU2
0.00,10.50,6.67,2.71,1.45,0.93,0.65,0.22,-0.28,-0.67,-1.00,-1.50,-2.57,-3.60,-6.00,-18.00,0.28,-1.33,-0.29,0.13,0.67,0.04,-0.50,-0.00,0.38,1.57,-0.25,0.00,0.00,0.00,-0.76,0.29,0.29,-0.12,-0.29,0.98,-0.78,0.18,1.43,-0.22,0.09,0.02,-1.00,-0.00,0.88,-0.71,-0.09,-1.25,-0.30,-0.22,0.43,-0.29,0.44,0.40,-0.90,-0.33,-0.12,0.29,0.56,1.80,0.13,0.14,-0.00,0.07,-0.07,0.00,0.14,KA-SU1
12.50,4.80,4.60,2.22,1.29,0.82,0.47,0.14,-0.14,-0.67,-0.93,-1.50,-3.00,-5.50,-3.67,-11.50,0.15,-0.92,-0.38,-0.00,0.44,0.06,-0.50,-0.06,0.47,1.44,-0.19,0.00,0.00,19.00,-0.58,0.38,0.22,-0.22,-0.22,0.88,-0.60,-0.00,0.90,-0.27,0.08,-0.01,-0.90,-0.00,0.70,-0.56,0.00,-1.25,-0.15,-0.25,0.43,-0.29,0.20,0.31,-0.67,-0.30,-0.14,0.12,0.33,1.14,0.05,0.29,-0.14,-0.06,-0.06,-0.14,0.25,KA-SA3
22.00,7.00,4.00,2.25,1.70,1.33,0.73,0.25,-0.18,-0.69,-1.08,-1.42,-2.38,-4.00,-7.33,-11.00,0.14,-0.90,-0.38,-0.00,0.36,-0.00,-0.42,-0.00,0.50,1.57,-0.22,0.00,-18.00,0.00,-0.53,0.43,0.25,-0.14,-0.43,0.98,-0.62,0.09,0.89,-0.20,0.09,-0.00,-0.89,-0.10,0.75,-0.71,0.00,-1.41,-0.44,-0.27,0.29,-0.33,0.33,0.75,-1.62,-0.78,-0.14,0.25,0.70,3.25,-0.07,0.14,-0.17,0.14,-0.69,-0.14,0.29,KA-SA2
21.00,5.25,4.00,2.25,1.60,1.45,0.67,0.12,-0.11,-0.67,-1.08,-1.60,-2.25,-3.80,-5.00,-10.50,0.16,-0.90,-0.29,-0.00,0.43,-0.00,-0.50,-0.07,0.38,1.38,-0.23,0.00,-17.00,0.00,-0.53,0.29,0.25,-0.29,-0.29,0.97,-0.50,-0.00,1.00,-0.20,0.10,-0.00,-1.00,-0.00,0.62,-0.62,0.00,-1.40,-0.44,-0.22,0.29,-0.33,0.43,0.56,-0.89,-0.50,0.00,0.12,0.62,2.00,0.08,0.12,-0.17,0.08,0.00,0.00,0.14,KA-SA1
10.00,5.00,5.00,2.12,1.45,1.00,0.62,0.17,-0.22,-0.73,-1.23,-1.78,-3.17,-6.67,-6.33,-19.00,0.12,-1.22,-0.38,0.14,0.43,-0.04,-0.54,-0.14,0.36,1.50,-0.27,17.00,0.00,0.00,-0.69,0.33,0.29,-0.29,-0.14,0.94,-0.75,0.09,1.12,-0.22,0.09,-0.02,-1.25,-0.09,0.67,-0.86,-0.08,-1.41,-0.22,-0.33,0.43,-0.33,0.38,0.18,-1.00,-0.44,0.00,0.14,0.44,2.00,0.15,0.14,-0.17,-0.07,-0.07,-0.17,0.14,KA-NE3
10.50,6.67,5.00,2.38,1.55,1.25,0.80,0.17,-0.17,-0.69,-1.23,-1.42,-2.71,-5.00,-7.00,-21.00,0.12,-1.11,-0.31,0.07,0.50,-0.04,-0.58,-0.14,0.36,1.38,-0.29,0.00,0.00,0.00,-0.57,0.33,0.25,-0.29,-0.29,0.97,-0.62,0.09,1.25,-0.20,0.18,-0.02,-1.25,-0.09,0.67,-1.00,-0.09,-1.33,-0.22,-0.22,0.29,-0.33,0.33,0.18,-0.90,-0.44,0.00,0.14,0.44,1.60,0.14,0.14,-0.00,-0.13,-0.13,-0.17,0.29,KA-NE2
20.00,5.25,4.75,2.38,1.45,1.23,0.80,0.21,-0.17,-0.75,-1.31,-1.55,-2.71,-5.00,-7.00,-21.00,0.12,-1.00,-0.29,0.07,0.58,-0.04,-0.54,-0.13,0.38,1.38,-0.29,0.00,0.00,0.00,-0.57,0.29,0.43,-0.25,-0.29,0.97,-0.75,0.09,1.25,-0.22,0.09,-0.02,-1.25,-0.09,0.67,-0.86,-0.08,-1.36,-0.22,-0.22,0.50,-0.33,0.33,0.17,-0.82,-0.44,0.00,0.12,0.62,1.60,0.21,0.14,-0.17,-0.07,-0.13,0.00,0.29,KA-NE1
0.00,11.00,7.00,3.17,1.70,1.15,0.79,0.35,-0.12,-0.59,-0.93,-1.33,-2.12,-3.33,-5.25,-7.00,0.22,-1.00,-0.23,0.15,0.67,0.14,-0.42,-0.00,0.33,1.11,-0.21,-17.00,-8.50,-17.00,-0.47,0.29,0.57,-0.25,-0.25,1.09,-0.50,0.10,1.12,-0.10,0.20,0.07,-0.88,-0.00,0.67,-0.44,0.00,-1.13,-0.11,-0.11,0.25,-0.14,0.30,0.25,-1.00,-0.45,0.00,0.25,0.78,2.75,0.21,0.25,-0.14,0.06,-0.18,0.00,0.25,KA-HA4
0.00,10.50,7.00,2.86,1.45,1.15,0.71,0.20,-0.21,-0.71,-1.08,-1.60,-2.71,-4.75,-5.00,-20.00,0.22,-1.38,-0.36,0.08,0.62,0.06,-0.42,0.08,0.42,1.25,-0.23,0.00,-18.00,0.00,-0.50,0.43,0.25,-0.25,-0.29,1.00,-0.75,0.10,1.11,-0.10,0.18,0.05,-1.12,-0.00,0.88,-0.50,0.00,-1.14,-0.18,-0.18,0.22,-0.14,0.30,0.33,-1.09,-0.60,-0.11,0.22,0.64,2.60,0.12,0.12,-0.12,0.06,-0.47,0.00,0.11,KA-HA3
21.00,7.00,5.00,2.38,1.45,1.08,0.65,0.24,-0.22,-0.80,-1.15,-1.55,-2.71,-6.67,-6.67,0.00,0.19,-1.10,-0.31,-0.00,0.62,0.03,-0.60,-0.00,0.33,1.12,-0.31,0.00,16.00,0.00,-0.56,0.25,0.29,-0.25,-0.43,0.90,-0.75,0.10,1.00,-0.20,0.18,0.02,-1.12,-0.10,0.75,-0.71,-0.09,-1.18,-0.27,-0.17,0.12,-0.12,0.20,0.36,-1.60,-0.70,-0.11,0.11,0.73,2.29,-0.00,0.12,-0.00,0.06,-0.65,-0.12,0.25,KA-HA2
10.50,7.00,4.00,2.25,1.25,0.93,0.69,0.24,-0.24,-0.80,-1.08,-1.55,-2.71,-6.67,-10.00,-20.00,0.18,-1.50,-0.46,-0.00,0.62,-0.00,-0.58,-0.07,0.42,1.50,-0.28,0.00,16.00,0.00,-0.67,0.29,0.11,-0.29,-0.25,0.83,-0.75,0.10,0.89,-0.10,0.00,-0.03,-1.12,-0.00,0.62,-0.71,0.00,-1.29,-0.45,-0.27,0.25,-0.29,0.20,0.45,-1.56,-0.73,-0.14,0.11,0.64,2.33,-0.06,0.12,-0.14,0.06,-0.62,-0.14,0.25,KA-HA1
